Time [s],Channel A [V],Channel B [V]
0,0.007443,0
0.000390625,0.007443,-0.025
0.00078125,0.007443,0
0.001171875,0.007443,-0.025
0.0015625,0.004962,0
0.001953125,0.004962,0.025
0.00234375,0.004962,-0.025
0.002734375,0.007443,0.025
0.003125,0.007443,0
0.003515625,0.007443,0.025
0.00390625,0.004962,0
0.004296875,0.007443,-0.025
0.0046875,0.004962,-0.025
0.005078125,0.007443,0
0.00546875,0.007443,0
0.005859375,0.007443,-0.025
0.00625,0.004962,-0.025
0.006640625,0.007443,0
0.00703125,0.007443,0
0.007421875,0.007443,-0.025
0.0078125,0.004962,0
0.008203125,0.007443,0
0.00859375,0.007443,0
0.008984375,0.007443,0
0.009375,0.007443,0
0.009765625,0.009924,-0.025
0.01015625,0.004962,0
0.010546875,0.007443,-0.025
0.0109375,0.004962,-0.025
0.011328125,0.002481,0
0.01171875,0.009924,0
0.012109375,0.007443,0.025
0.0125,0.009924,0
0.012890625,0.009924,0
0.01328125,0.007443,-0.025
0.013671875,0.007443,0
0.0140625,0.009924,0
0.014453125,0.009924,0
0.01484375,0.007443,0
0.015234375,0.007443,-0.025
0.015625,0.007443,0
0.016015625,0.007443,0
0.01640625,0.004962,-0.025
0.016796875,0.009924,0.025
0.0171875,0.004962,-0.025
0.017578125,0.004962,0
0.01796875,0.004962,0
0.018359375,0.009924,-0.025
0.01875,0.004962,0
0.019140625,0.007443,0
0.01953125,0.009924,0.025
0.019921875,0.007443,0
0.0203125,0.007443,-0.025
0.020703125,0.009924,-0.05
0.02109375,0.004962,0
0.021484375,0.009924,0
0.021875,0.007443,0
0.022265625,0.004962,0
0.02265625,0.007443,0
0.023046875,0.009924,-0.025
0.0234375,0.007443,0
0.023828125,0.009924,0
0.02421875,0.007443,-0.025
0.024609375,0.002481,0
0.025,0.007443,0.025
0.025390625,0.009924,0.025
0.02578125,0.007443,0
0.026171875,0.007443,-0.025
0.0265625,0.004962,0
0.026953125,0.007443,0
0.02734375,0.004962,-0.025
0.027734375,0.009924,0.025
0.028125,0.004962,-0.025
0.028515625,0.004962,0.025
0.02890625,0.009924,0
0.029296875,0.009924,-0.025
0.0296875,0.002481,0
0.030078125,0.007443,0
0.03046875,0.007443,0.025
0.030859375,0.009924,0
0.03125,0.007443,0
0.031640625,0.004962,-0.025
0.03203125,0.007443,0
0.032421875,0.009924,0
0.0328125,0.007443,-0.025
0.033203125,0.002481,0
0.03359375,0.007443,-0.025
0.033984375,0.007443,0.025
0.034375,0.007443,0
0.034765625,0.004962,0.025
0.03515625,0.009924,-0.025
0.035546875,0.007443,-0.025
0.0359375,0.009924,0.025
0.036328125,0.007443,0
0.03671875,0.004962,-0.025
0.037109375,0.007443,0.025
0.0375,0.007443,-0.025
0.037890625,0.004962,0
0.03828125,0.007443,0
0.038671875,0.007443,0
0.0390625,0.007443,-0.05
0.039453125,0.007443,0.025
0.03984375,0.012405,0
0.040234375,0.009924,-0.025
0.040625,0.009924,0
0.041015625,0.004962,0.025
0.04140625,0.007443,-0.025
0.041796875,0.007443,0
0.0421875,0.007443,0
0.042578125,0.009924,0
0.04296875,0,-0.025
0.043359375,0.009924,0
0.04375,0.004962,0.025
0.044140625,0.007443,0
0.04453125,0.009924,0.025
0.044921875,0.009924,0
0.0453125,0.004962,0.025
0.045703125,0.007443,0.025
0.04609375,0.009924,0
0.046484375,0.007443,-0.025
0.046875,0.007443,0.025
0.047265625,0.007443,-0.025
0.04765625,0.004962,-0.025
0.048046875,0.007443,-0.025
0.0484375,0.009924,-0.025
0.048828125,0.007443,0
0.04921875,0.007443,0
0.049609375,0.009924,-0.025
0.05,0.004962,-0.05
0.050390625,0.004962,0.025
0.05078125,0.007443,-0.025
0.051171875,0.004962,0
0.0515625,0.007443,0
0.051953125,0.007443,0
0.05234375,0.007443,0
0.052734375,0.009924,0.025
0.053125,0.009924,-0.025
0.053515625,0.007443,0.025
0.05390625,0.007443,-0.025
0.054296875,0.004962,0
0.0546875,0.007443,0
0.055078125,0.007443,0.025
0.05546875,0.007443,0.025
0.055859375,0.007443,-0.025
0.05625,0.007443,0.025
0.056640625,0.007443,0
0.05703125,0.007443,0
0.057421875,0.007443,0
0.0578125,0.007443,0
0.058203125,0.007443,0
0.05859375,0.009924,0
0.058984375,0.004962,0
0.059375,0.007443,-0.025
0.059765625,0.004962,0
0.06015625,0.004962,0
0.060546875,0.007443,0.025
0.0609375,0.009924,0.025
0.061328125,0.007443,0
0.06171875,0.007443,-0.025
0.062109375,0.007443,-0.025
0.0625,0.004962,0
0.062890625,0.007443,0
0.06328125,0.007443,-0.025
0.063671875,0.007443,0
0.0640625,0.007443,-0.025
0.064453125,0.007443,-0.025
0.06484375,0.004962,0
0.065234375,0.007443,0
0.065625,0.007443,0
0.066015625,0.007443,0
0.06640625,0.007443,0.025
0.066796875,0.007443,0
0.0671875,0.007443,0
0.067578125,0.009924,0.05
0.06796875,0.007443,-0.025
0.068359375,0.007443,-0.025
0.06875,0.007443,-0.025
0.069140625,0.004962,0.025
0.06953125,0.007443,-0.025
0.069921875,0.004962,0
0.0703125,0.009924,0
0.070703125,0.007443,0.025
0.07109375,0.007443,0
0.071484375,0.009924,0
0.071875,0.007443,0
0.072265625,0.007443,0
0.07265625,0.007443,0
0.073046875,0.007443,0
0.0734375,0.004962,0.025
0.073828125,0.007443,-0.025
0.07421875,0.007443,0
0.074609375,0.004962,0
0.075,0.007443,-0.025
0.075390625,0.009924,0
0.07578125,0.007443,0.025
0.076171875,0.007443,0
0.0765625,0.007443,0
0.076953125,0.007443,-0.025
0.07734375,0.004962,0
0.077734375,0.007443,-0.025
0.078125,0.007443,0.025
0.078515625,0.007443,0
0.07890625,0.004962,0
0.079296875,0.007443,0.025
0.0796875,0.007443,0.025
0.080078125,0.004962,0
0.08046875,0.007443,-0.025
0.080859375,0.004962,0
0.08125,0.012405,0.025
0.081640625,0.004962,0.025
0.08203125,0.007443,0
0.082421875,0.009924,0
0.0828125,0.007443,0
0.083203125,0.009924,0.025
0.08359375,0.007443,-0.025
0.083984375,0.007443,0
0.084375,0.004962,0
0.084765625,0.009924,0.025
0.08515625,0.007443,-0.025
0.085546875,0.009924,0
0.0859375,0.007443,-0.025
0.086328125,0.007443,0
0.08671875,0.007443,-0.025
0.087109375,0.007443,-0.025
0.0875,0.004962,0
0.087890625,0.007443,-0.025
0.08828125,0.007443,0
0.088671875,0.007443,-0.05
0.0890625,0.007443,0
0.089453125,0.007443,0
0.08984375,0.009924,0
0.090234375,0.007443,0
0.090625,0.007443,0
0.091015625,0.009924,0
0.09140625,0.007443,0
0.091796875,0.004962,0
0.0921875,0.004962,0.025
0.092578125,0.007443,0
0.09296875,0.007443,0
0.093359375,0.007443,0.025
0.09375,0.007443,0
0.094140625,0.004962,0
0.09453125,0.009924,0
0.094921875,0.007443,-0.05
0.0953125,0.004962,0
0.095703125,0.007443,0
0.09609375,0.009924,0
0.096484375,0.004962,0.025
0.096875,0.009924,0
0.097265625,0.004962,0
0.09765625,0.007443,0
0.098046875,0.007443,0
0.0984375,0.007443,-0.025
0.098828125,0.009924,-0.025
0.09921875,0.007443,0
0.099609375,0.007443,-0.025
0.1,0.007443,-0.025
0.100390625,0.007443,0
0.10078125,0.007443,-0.025
0.101171875,0.004962,0.025
0.1015625,0.007443,-0.025
0.101953125,0.004962,-0.025
0.10234375,0.007443,0
0.102734375,0.004962,0
0.103125,0.007443,0
0.103515625,0.004962,0
0.10390625,0.007443,0.025
0.104296875,0.007443,0
0.1046875,0.004962,-0.025
0.105078125,0.004962,-0.025
0.10546875,0.004962,-0.025
0.105859375,0.007443,0
0.10625,0.007443,0
0.106640625,0.004962,-0.025
0.10703125,0.007443,0
0.107421875,0.004962,0
0.1078125,0.004962,0
0.108203125,0.004962,0
0.10859375,0.004962,-0.025
0.108984375,0.004962,0
0.109375,0.004962,-0.025
0.109765625,0.004962,0
0.11015625,0.004962,-0.025
0.110546875,0.004962,-0.025
0.1109375,0.004962,0.025
0.111328125,0.007443,0
0.11171875,0.004962,0
0.112109375,0.004962,-0.025
0.1125,0.004962,0
0.112890625,0.004962,-0.025
0.11328125,0.004962,0
0.113671875,0.004962,-0.025
0.1140625,0,0
0.114453125,0.002481,0
0.11484375,0.004962,0
0.115234375,0.004962,0
0.115625,0.002481,0
0.116015625,0.004962,0
0.11640625,0.002481,0
0.116796875,0.002481,0
0.1171875,0.004962,-0.025
0.117578125,0.004962,0
0.11796875,0,0
0.118359375,0,-0.025
0.11875,0.002481,-0.025
0.119140625,0,-0.025
0.11953125,0,-0.025
0.119921875,0.002481,0
0.1203125,0,-0.025
0.120703125,-0.002481,-0.025
0.12109375,0,-0.025
0.121484375,-0.004962,0
0.121875,-0.002481,0
0.122265625,-0.002481,-0.025
0.12265625,-0.004962,0
0.123046875,-0.004962,0
0.1234375,-0.002481,-0.025
0.123828125,-0.004962,0
0.12421875,-0.002481,0
0.124609375,-0.009924,-0.025
0.125,-0.009924,0
0.125390625,-0.007443,0.025
0.12578125,-0.009924,0
0.126171875,-0.009924,-0.05
0.1265625,-0.012405,0
0.126953125,-0.012405,-0.025
0.12734375,-0.012405,0.025
0.127734375,-0.012405,0
0.128125,-0.012405,0
0.128515625,-0.012405,-0.025
0.12890625,-0.014886,0
0.129296875,-0.012405,-0.05
0.1296875,-0.012405,0
0.130078125,-0.017367,-0.025
0.13046875,-0.014886,-0.025
0.130859375,-0.012405,0
0.13125,-0.009924,0
0.131640625,-0.009924,0
0.13203125,-0.007443,-0.025
0.132421875,-0.007443,-0.025
0.1328125,-0.002481,0
0.133203125,0.002481,0
0.13359375,0.002481,0
0.133984375,0.009924,0.025
0.134375,0.009924,0
0.134765625,0.014886,0
0.13515625,0.017367,0
0.135546875,0.019848,-0.025
0.1359375,0.019848,0
0.136328125,0.02481,0
0.13671875,0.029772,0
0.137109375,0.029772,-0.025
0.1375,0.029772,0
0.137890625,0.029772,0
0.13828125,0.029772,0
0.138671875,0.029772,0
0.1390625,0.029772,0
0.139453125,0.027291,-0.025
0.13984375,0.029772,0
0.140234375,0.027291,0
0.140625,0.027291,0
0.141015625,0.022329,0
0.14140625,0.02481,-0.025
0.141796875,0.027291,-0.025
0.1421875,0.02481,0
0.142578125,0.02481,0
0.14296875,0.019848,-0.05
0.143359375,0.019848,0
0.14375,0.019848,-0.025
0.144140625,0.019848,0
0.14453125,0.014886,0
0.144921875,0.019848,0
0.1453125,0.017367,0
0.145703125,0.017367,-0.025
0.14609375,0.017367,0.025
0.146484375,0.017367,0
0.146875,0.012405,0
0.147265625,0.014886,0
0.14765625,0.014886,0
0.148046875,0.007443,-0.025
0.1484375,0.014886,0
0.148828125,0.012405,-0.025
0.14921875,0.009924,0
0.149609375,0.009924,0
0.15,0.009924,0
0.150390625,0.009924,0
0.15078125,0.009924,-0.025
0.151171875,0.012405,0
0.1515625,0.009924,-0.05
0.151953125,0.009924,-0.025
0.15234375,0.007443,-0.025
0.152734375,0.007443,-0.025
0.153125,0.009924,-0.025
0.153515625,0.009924,0
0.15390625,0.009924,0.025
0.154296875,0.007443,0.025
0.1546875,0.009924,-0.025
0.155078125,0.007443,0
0.15546875,0.004962,0
0.155859375,0.007443,0
0.15625,0.009924,0
0.156640625,0.009924,0
0.15703125,0.007443,0
0.157421875,0.007443,-0.025
0.1578125,0.009924,0
0.158203125,0.009924,0
0.15859375,0.007443,0
0.158984375,0.007443,-0.025
0.159375,0.009924,0
0.159765625,0.007443,0
0.16015625,0.007443,-0.025
0.160546875,0.007443,0
0.1609375,0.009924,0
0.161328125,0.007443,0
0.16171875,0.007443,0
0.162109375,0.009924,0.025
0.1625,0.004962,0
0.162890625,0.007443,0
0.16328125,0.004962,-0.025
0.163671875,0.007443,0
0.1640625,0.007443,0
0.164453125,0.007443,0
0.16484375,0.007443,0.025
0.165234375,0.007443,0.025
0.165625,0.007443,0.025
0.166015625,0.007443,0
0.16640625,0.007443,0
0.166796875,0.007443,-0.025
0.1671875,0.007443,-0.025
0.167578125,0.009924,-0.025
0.16796875,0.007443,0
0.168359375,0.007443,0
0.16875,0.007443,0
0.169140625,0.004962,0
0.16953125,0.007443,0
0.169921875,0.007443,0
0.1703125,0.004962,0
0.170703125,0.004962,-0.025
0.17109375,0.004962,-0.025
0.171484375,0.007443,0
0.171875,0.004962,0
0.172265625,0.007443,-0.025
0.17265625,0.002481,0
0.173046875,0.007443,-0.05
0.1734375,0.007443,0
0.173828125,0.007443,-0.025
0.17421875,0.004962,0
0.174609375,0.007443,0.025
0.175,0.007443,0
0.175390625,0.007443,0
0.17578125,0.009924,0
0.176171875,0.007443,0
0.1765625,0.004962,-0.025
0.176953125,0.004962,0
0.17734375,0.007443,0
0.177734375,0.004962,0
0.178125,0.004962,0
0.178515625,0.007443,0
0.17890625,0.004962,0
0.179296875,0.004962,0
0.1796875,0.002481,0
0.180078125,0.002481,-0.025
0.18046875,0.002481,0
0.180859375,0.002481,-0.025
0.18125,0,0.025
0.181640625,0,-0.025
0.18203125,0.002481,0
0.182421875,0.002481,0
0.1828125,0.002481,0
0.183203125,0.002481,0
0.18359375,-0.002481,-0.025
0.183984375,0.002481,0
0.184375,-0.002481,-0.025
0.184765625,-0.002481,0
0.18515625,-0.002481,0
0.185546875,0,0.025
0.1859375,-0.002481,0
0.186328125,-0.004962,0
0.18671875,-0.004962,-0.025
0.187109375,-0.007443,-0.025
0.1875,-0.007443,0
0.187890625,-0.007443,0
0.18828125,-0.012405,-0.025
0.188671875,-0.014886,0
0.1890625,-0.014886,0
0.189453125,-0.014886,0
0.18984375,-0.019848,-0.025
0.190234375,-0.017367,0
0.190625,-0.019848,0
0.191015625,-0.02481,0
0.19140625,-0.027291,-0.025
0.191796875,-0.027291,0
0.1921875,-0.034734,0
0.192578125,-0.034734,0
0.19296875,-0.042177,0
0.193359375,-0.037215,0
0.19375,-0.039696,0
0.194140625,-0.042177,0
0.19453125,-0.042177,0
0.194921875,-0.039696,-0.025
0.1953125,-0.037215,0
0.195703125,-0.032253,-0.025
0.19609375,-0.029772,-0.025
0.196484375,-0.019848,0
0.196875,-0.014886,0
0.197265625,-0.007443,0
0.19765625,0.007443,0.025
0.198046875,0.014886,-0.025
0.1984375,0.027291,0
0.198828125,0.037215,0
0.19921875,0.042177,0
0.199609375,0.047139,0
0.2,0.054582,0
0.200390625,0.057063,0
0.20078125,0.057063,0
0.201171875,0.059544,0.05
0.2015625,0.062025,0.025
0.201953125,0.057063,0
0.20234375,0.052101,0
0.202734375,0.052101,0
0.203125,0.04962,0
0.203515625,0.044658,0.025
0.20390625,0.044658,-0.025
0.204296875,0.044658,-0.025
0.2046875,0.039696,0.025
0.205078125,0.037215,0.025
0.20546875,0.032253,0
0.205859375,0.029772,0.025
0.20625,0.029772,0
0.206640625,0.029772,0
0.20703125,0.02481,0.025
0.207421875,0.027291,0.025
0.2078125,0.02481,-0.025
0.208203125,0.022329,-0.025
0.20859375,0.022329,0
0.208984375,0.019848,0
0.209375,0.017367,0
0.209765625,0.017367,0.025
0.21015625,0.017367,0
0.210546875,0.017367,0
0.2109375,0.014886,0
0.211328125,0.014886,0.025
0.21171875,0.012405,0
0.212109375,0.014886,-0.025
0.2125,0.012405,0
0.212890625,0.012405,-0.025
0.21328125,0.014886,0
0.213671875,0.012405,-0.025
0.2140625,0.012405,0
0.214453125,0.009924,0.025
0.21484375,0.009924,0.025
0.215234375,0.009924,-0.025
0.215625,0.014886,0
0.216015625,0.009924,0
0.21640625,0.012405,0
0.216796875,0.012405,0
0.2171875,0.009924,0
0.217578125,0.009924,0
0.21796875,0.007443,0
0.218359375,0.009924,-0.025
0.21875,0.009924,0
0.219140625,0.007443,0
0.21953125,0.007443,0
0.219921875,0.007443,-0.025
0.2203125,0.009924,0
0.220703125,0.009924,-0.025
0.22109375,0.007443,0
0.221484375,0.009924,0
0.221875,0.009924,0
0.222265625,0.007443,0
0.22265625,0.009924,0.025
0.223046875,0.007443,0
0.2234375,0.007443,0
0.223828125,0.004962,0
0.22421875,0.009924,-0.025
0.224609375,0.009924,0
0.225,0.007443,-0.025
0.225390625,0.007443,-0.025
0.22578125,0.007443,0
0.226171875,0.009924,-0.025
0.2265625,0.009924,0
0.226953125,0.007443,0
0.22734375,0.007443,0
0.227734375,0.007443,0
0.228125,0.009924,0
0.228515625,0.007443,0
0.22890625,0.007443,0
0.229296875,0.007443,-0.025
0.2296875,0.007443,-0.025
0.230078125,0.004962,0
0.23046875,0.004962,0
0.230859375,0.004962,-0.025
0.23125,0.002481,0
0.231640625,0.004962,-0.025
0.23203125,0.004962,0
0.232421875,0.004962,0
0.2328125,0.004962,-0.025
0.233203125,0.002481,0
0.23359375,0.004962,0
0.233984375,0.004962,0.025
0.234375,0.002481,0
0.234765625,0.004962,0
0.23515625,0.002481,0.025
0.235546875,0.004962,0.025
0.2359375,0,0
0.236328125,0,-0.025
0.23671875,0,0
0.237109375,0,0.025
0.2375,0,0
0.237890625,-0.002481,0
0.23828125,-0.007443,-0.025
0.238671875,-0.002481,0
0.2390625,-0.002481,0
0.239453125,-0.004962,0.025
0.23984375,-0.007443,0
0.240234375,-0.007443,0
0.240625,-0.009924,0
0.241015625,-0.012405,0
0.24140625,-0.017367,0
0.241796875,-0.017367,0
0.2421875,-0.019848,0
0.242578125,-0.02481,0
0.24296875,-0.027291,0
0.243359375,-0.029772,0
0.24375,-0.039696,-0.025
0.244140625,-0.039696,-0.025
0.24453125,-0.042177,0
0.244921875,-0.04962,0
0.2453125,-0.057063,0
0.245703125,-0.064506,0.025
0.24609375,-0.071949,0
0.246484375,-0.079392,-0.025
0.246875,-0.089316,-0.025
0.247265625,-0.09924,0
0.24765625,-0.109164,0
0.248046875,-0.111645,0
0.2484375,-0.121569,0.025
0.248828125,-0.12405,0.025
0.24921875,-0.12405,0
0.249609375,-0.119088,0
0.25,-0.104202,0
0.250390625,-0.089316,-0.025
0.25078125,-0.062025,-0.05
0.251171875,-0.02481,0.025
0.2515625,0.009924,0
0.251953125,0.044658,0
0.25234375,0.079392,0.025
0.252734375,0.106683,0
0.253125,0.126531,-0.025
0.253515625,0.138936,0
0.25390625,0.141417,0
0.254296875,0.143898,-0.05
0.2546875,0.141417,-0.025
0.255078125,0.133974,0
0.25546875,0.12405,0
0.255859375,0.111645,0
0.25625,0.104202,0
0.256640625,0.096759,-0.025
0.25703125,0.086835,-0.025
0.257421875,0.076911,0
0.2578125,0.071949,-0.025
0.258203125,0.064506,0
0.25859375,0.059544,0
0.258984375,0.052101,0
0.259375,0.04962,-0.025
0.259765625,0.044658,-0.025
0.26015625,0.042177,-0.025
0.260546875,0.037215,-0.025
0.2609375,0.034734,-0.025
0.261328125,0.027291,0
0.26171875,0.029772,0
0.262109375,0.02481,-0.025
0.2625,0.027291,0
0.262890625,0.022329,0
0.26328125,0.022329,-0.025
0.263671875,0.019848,0
0.2640625,0.019848,0
0.264453125,0.017367,0
0.26484375,0.014886,0.025
0.265234375,0.014886,-0.025
0.265625,0.014886,0
0.266015625,0.014886,0
0.26640625,0.012405,-0.025
0.266796875,0.012405,-0.025
0.2671875,0.009924,0
0.267578125,0.012405,-0.025
0.26796875,0.009924,-0.025
0.268359375,0.009924,0
0.26875,0.009924,0
0.269140625,0.009924,-0.05
0.26953125,0.009924,0.025
0.269921875,0.009924,0
0.2703125,0.009924,0
0.270703125,0.009924,-0.05
0.27109375,0.007443,0
0.271484375,0.009924,0.025
0.271875,0.007443,0
0.272265625,0.007443,0
0.27265625,0.007443,0.025
0.273046875,0.004962,-0.025
0.2734375,0.004962,0.025
0.273828125,0.007443,0.025
0.27421875,0.007443,-0.025
0.274609375,0.004962,0
0.275,0.004962,0
0.275390625,0.004962,0
0.27578125,0.004962,0
0.276171875,0.004962,0
0.2765625,0.007443,0
0.276953125,0.004962,0
0.27734375,0.002481,0
0.277734375,0.004962,0.025
0.278125,0.004962,-0.025
0.278515625,0,0
0.27890625,0.002481,0.025
0.279296875,0.002481,0
0.2796875,0,-0.05
0.280078125,0,0.025
0.28046875,0,0.025
0.280859375,0.002481,0.025
0.28125,0,0
0.281640625,-0.002481,0
0.28203125,-0.004962,0
0.282421875,-0.007443,-0.025
0.2828125,-0.007443,0
0.283203125,-0.007443,0
0.28359375,-0.009924,0
0.283984375,-0.014886,0
0.284375,-0.017367,0
0.284765625,-0.019848,0
0.28515625,-0.019848,-0.025
0.285546875,-0.02481,0
0.2859375,-0.027291,0.025
0.286328125,-0.032253,0
0.28671875,-0.037215,0
0.287109375,-0.042177,0
0.2875,-0.047139,0.025
0.287890625,-0.054582,0
0.28828125,-0.066987,0.025
0.288671875,-0.07443,0
0.2890625,-0.086835,0.025
0.289453125,-0.09924,0
0.28984375,-0.114126,0
0.290234375,-0.129012,-0.025
0.290625,-0.146379,-0.025
0.291015625,-0.163746,0
0.29140625,-0.178632,0
0.291796875,-0.200961,0.025
0.2921875,-0.213366,0
0.292578125,-0.22329,0
0.29296875,-0.22329,0
0.293359375,-0.208404,-0.025
0.29375,-0.181113,-0.025
0.294140625,-0.133974,-0.025
0.29453125,-0.071949,0.025
0.294921875,-0.002481,-0.025
0.2953125,0.069468,0.025
0.295703125,0.136455,-0.025
0.29609375,0.183594,0
0.296484375,0.215847,0.025
0.296875,0.235695,0
0.297265625,0.235695,0
0.29765625,0.230733,-0.025
0.298046875,0.218328,-0.025
0.2984375,0.203442,0.025
0.298828125,0.183594,0
0.29921875,0.163746,-0.025
0.299609375,0.14886,0
0.3,0.133974,0
0.300390625,0.116607,0
0.30078125,0.104202,-0.025
0.301171875,0.096759,0
0.3015625,0.089316,0
0.301953125,0.081873,-0.025
0.30234375,0.069468,-0.025
0.302734375,0.069468,0
0.303125,0.059544,0.05
0.303515625,0.054582,-0.025
0.30390625,0.047139,0.025
0.304296875,0.039696,0
0.3046875,0.037215,0
0.305078125,0.032253,0.025
0.30546875,0.027291,0
0.305859375,0.027291,0
0.30625,0.02481,-0.025
0.306640625,0.022329,0
0.30703125,0.019848,0
0.307421875,0.019848,0
0.3078125,0.014886,0
0.308203125,0.017367,0
0.30859375,0.014886,0
0.308984375,0.014886,-0.025
0.309375,0.014886,0
0.309765625,0.017367,0
0.31015625,0.014886,0
0.310546875,0.014886,-0.025
0.3109375,0.012405,0.025
0.311328125,0.012405,0.025
0.31171875,0.007443,0
0.312109375,0.009924,0
0.3125,0.012405,0
0.312890625,0.007443,0.025
0.31328125,0.009924,0
0.313671875,0.012405,0
0.3140625,0.007443,0
0.314453125,0.009924,0
0.31484375,0.007443,-0.025
0.315234375,0.009924,0
0.315625,0.009924,0
0.316015625,0.007443,0
0.31640625,0.007443,0
0.316796875,0.012405,-0.025
0.3171875,0.012405,0.025
0.317578125,0.007443,0.025
0.31796875,0.009924,0
0.318359375,0.004962,0
0.31875,0.009924,0
0.319140625,0.007443,0
0.31953125,0.007443,0.025
0.319921875,0.007443,0
0.3203125,0.009924,0
0.320703125,0.012405,-0.025
0.32109375,0.009924,-0.025
0.321484375,0.007443,0
0.321875,0.009924,0
0.322265625,0.007443,-0.025
0.32265625,0.009924,-0.025
0.323046875,0.007443,0
0.3234375,0.009924,0.025
0.323828125,0.004962,0
0.32421875,0.007443,0
0.324609375,0.007443,0
0.325,0.004962,0
0.325390625,0.007443,0
0.32578125,0.007443,0.025
0.326171875,0.007443,-0.025
0.3265625,0.009924,0
0.326953125,0.007443,0
0.32734375,0.007443,0
0.327734375,0.004962,0
0.328125,0.009924,0
0.328515625,0.009924,0
0.32890625,0.007443,0
0.329296875,0.007443,0
0.3296875,0.007443,0
0.330078125,0.004962,0
0.33046875,0.007443,-0.025
0.330859375,0.009924,-0.025
0.33125,0.007443,0.025
0.331640625,0.009924,-0.025
0.33203125,0.009924,0
0.332421875,0.007443,-0.025
0.3328125,0.007443,-0.025
0.333203125,0.007443,0.025
0.33359375,0.007443,0
0.333984375,0.007443,0.025
0.334375,0.004962,0
0.334765625,0.007443,0
0.33515625,0.007443,0
0.335546875,0.007443,0.025
0.3359375,0.009924,0.025
0.336328125,0.009924,0
0.33671875,0.007443,-0.025
0.337109375,0.007443,0
0.3375,0.007443,0.025
0.337890625,0.007443,0
0.33828125,0.004962,-0.025
0.338671875,0.007443,-0.025
0.3390625,0.009924,0
0.339453125,0.007443,0.025
0.33984375,0.009924,-0.025
0.340234375,0.007443,0.025
0.340625,0.007443,0
0.341015625,0.007443,0
0.34140625,0.007443,-0.025
0.341796875,0.004962,-0.025
0.3421875,0.007443,-0.025
0.342578125,0.007443,0
0.34296875,0.004962,-0.025
0.343359375,0.009924,-0.025
0.34375,0.004962,0
0.344140625,0.009924,0
0.34453125,0.007443,0
0.344921875,0.007443,0
0.3453125,0.004962,0
0.345703125,0.007443,0.025
0.34609375,0.007443,0
0.346484375,0.007443,0
0.346875,0.009924,0
0.347265625,0.009924,0
0.34765625,0.007443,-0.025
0.348046875,0.004962,-0.025
0.3484375,0.007443,0.025
0.348828125,0.007443,0
0.34921875,0.007443,0
0.349609375,0.007443,-0.025
0.35,0.007443,0
0.350390625,0.007443,0
0.35078125,0.007443,0
0.351171875,0.009924,0
0.3515625,0.004962,0
0.351953125,0.007443,0
0.35234375,0.004962,0
0.352734375,0.007443,0
0.353125,0.009924,0
0.353515625,0.007443,-0.025
0.35390625,0.007443,0
0.354296875,0.002481,0
0.3546875,0.007443,0
0.355078125,0.004962,0
0.35546875,0.004962,-0.025
0.355859375,0.007443,0
0.35625,0.007443,0
0.356640625,0.004962,-0.05
0.35703125,0.009924,0.025
0.357421875,0.007443,0
0.3578125,0.007443,0
0.358203125,0.007443,-0.025
0.35859375,0.007443,0
0.358984375,0.007443,0
0.359375,0.009924,-0.025
0.359765625,0.004962,0.025
0.36015625,0.009924,0
0.360546875,0.007443,0
0.3609375,0.007443,0
0.361328125,0.004962,0
0.36171875,0.007443,0
0.362109375,0.004962,-0.025
0.3625,0.009924,0
0.362890625,0.007443,0
0.36328125,0.007443,0
0.363671875,0.007443,0
0.3640625,0.007443,-0.025
0.364453125,0.007443,0
0.36484375,0.007443,0
0.365234375,0.004962,-0.025
0.365625,0.009924,0
0.366015625,0.007443,0.025
0.36640625,0.007443,0
0.366796875,0.007443,0
0.3671875,0.007443,0
0.367578125,0.007443,-0.025
0.36796875,0.007443,-0.025
0.368359375,0.007443,0
0.36875,0.007443,0
0.369140625,0.007443,0
0.36953125,0.007443,-0.025
0.369921875,0.009924,-0.025
0.3703125,0.007443,0
0.370703125,0.007443,0
0.37109375,0.009924,0
0.371484375,0.009924,0.025
0.371875,0.007443,0
0.372265625,0.007443,0
0.37265625,0.007443,0
0.373046875,0.009924,0
0.3734375,0.009924,-0.025
0.373828125,0.007443,0
0.37421875,0.004962,-0.025
0.374609375,0.007443,-0.025
0.375,0.009924,0.025
0.375390625,0.004962,-0.025
0.37578125,0.007443,0
0.376171875,0.007443,0
0.3765625,0.007443,0
0.376953125,0.007443,0
0.37734375,0.007443,0
0.377734375,0.007443,0.025
0.378125,0.007443,-0.025
0.378515625,0.007443,0
0.37890625,0.007443,-0.025
0.379296875,0.007443,-0.025
0.3796875,0.004962,-0.025
0.380078125,0.009924,-0.025
0.38046875,0.007443,0
0.380859375,0.007443,0
0.38125,0.007443,0
0.381640625,0.009924,0
0.38203125,0.004962,0.025
0.382421875,0.004962,-0.025
0.3828125,0.007443,-0.025
0.383203125,0.007443,0
0.38359375,0.007443,0
0.383984375,0.007443,-0.025
0.384375,0.009924,0.025
0.384765625,0.007443,-0.025
0.38515625,0.004962,0
0.385546875,0.009924,0
0.3859375,0.007443,0.025
0.386328125,0.007443,0
0.38671875,0.007443,0.025
0.387109375,0.004962,0
0.3875,0.007443,0
0.387890625,0.007443,-0.025
0.38828125,0.007443,0
0.388671875,0.009924,0
0.3890625,0.009924,0
0.389453125,0.009924,0
0.38984375,0.009924,0.025
0.390234375,0.007443,0.025
0.390625,0.009924,0
0.391015625,0.007443,0
0.39140625,0.007443,0
0.391796875,0.004962,0
0.3921875,0.007443,0
0.392578125,0.007443,0
0.39296875,0.004962,0
0.393359375,0.007443,0
0.39375,0.007443,0
0.394140625,0.007443,0
0.39453125,0.007443,-0.025
0.394921875,0.007443,-0.025
0.3953125,0.007443,0
0.395703125,0.004962,0
0.39609375,0.007443,0
0.396484375,0.007443,0
0.396875,0.002481,-0.025
0.397265625,0.007443,-0.025
0.39765625,0.004962,0
0.398046875,0.007443,-0.025
0.3984375,0.007443,0
0.398828125,0.004962,0
0.39921875,0.007443,-0.025
0.399609375,0.007443,0