time_tick,gyr_X_value,gyr_Y_value,gyr_Z_value
-0.005301,0.096086,-0.164990,0.142282
0.024555,-0.017203,0.195707,0.130789
0.064362,0.037093,-0.104079,-0.012942
0.094217,0.026147,-0.139137,-0.044309
0.124073,-0.003043,-0.015057,-0.023997
0.163880,-0.051852,0.014704,-0.012459
0.193735,0.027584,0.013033,-0.001429
0.223591,0.025891,0.079875,0.029427
0.263398,-0.007674,0.055912,0.050028
0.293252,0.038727,-0.025840,0.011822
0.323108,0.046702,0.003878,-0.028509
0.362915,-0.026990,0.031546,-0.005069
0.392770,-0.029763,-0.031899,-0.008508
0.422626,0.015090,0.009508,-0.020922
0.462433,0.001311,0.081030,0.012272
0.492288,-0.016101,0.050426,0.044954
0.522144,0.011441,0.021984,0.025829
0.561951,0.038193,0.026037,-0.003605
0.591806,-0.020501,0.025888,0.011250
0.631613,-0.006637,0.005210,0.002291
0.661469,0.056237,0.019930,-0.035471
0.691324,0.004547,0.072803,-0.001287
0.731131,0.017549,0.031612,0.005417
0.760987,0.050331,0.044555,-0.029152
0.790842,0.041819,0.048908,-0.003019
0.830649,0.003079,0.040146,-0.001401
0.860505,-0.001381,0.045189,0.007248
0.890360,0.022013,0.059342,-0.020293
0.930167,-0.007968,0.041949,0.018885
0.960022,-0.017411,0.030344,0.048384
0.989878,0.010924,0.028917,0.020173
1.029685,-0.007714,0.051168,0.027775
1.059540,-0.003017,0.041012,0.046351
1.089396,0.019329,0.027652,0.023549
1.129203,0.008441,0.055069,-0.000203
1.159058,-0.014985,0.085165,0.022640
1.188914,-0.004417,0.044468,0.026252
1.228721,0.010527,0.054845,0.004377
1.258576,0.026430,0.046923,-0.001987
1.288432,0.005867,0.042783,0.000664
1.328240,0.024245,0.034000,0.020733
1.358095,0.035942,0.070738,0.009742
1.397902,0.026716,0.092407,-0.026990
1.427758,0.012605,0.069054,-0.015454
1.457613,0.051486,0.048452,-0.010978
1.497420,0.041570,0.070939,-0.018827
1.527276,0.010287,0.065965,0.016153
1.557131,0.010269,0.033881,0.019804
1.596938,0.016221,0.068301,0.002614
1.626794,0.003164,0.051363,0.018073
1.656649,-0.012225,0.040934,0.031123
1.696456,0.011331,0.052698,0.021546
1.726312,0.009159,0.077175,0.018118
1.756167,0.006854,0.066581,0.028707
1.795974,0.005294,0.052207,0.000467
1.825830,-0.074906,0.096660,-0.061741
1.855685,-0.038740,0.114353,-0.014574
1.895492,-0.051067,0.030137,0.012531
1.925347,0.020213,-0.020546,-0.012852
1.965155,0.004813,0.146420,-0.100445
1.995010,-0.046981,0.055144,-0.025133
2.024865,0.003053,0.097830,0.020614
2.064673,-0.016936,0.112501,-0.045880
2.094528,-0.067169,0.058582,-0.003951
2.124383,-0.030072,0.050928,0.055403
2.164190,-0.023232,0.063430,0.045937
2.194046,0.012410,0.019179,0.034404
2.223901,0.011586,0.038887,0.029448
2.263708,0.061653,0.100825,-0.011261
2.293564,0.065009,0.093643,-0.049524
2.323419,0.123795,0.155091,-0.034880
2.363226,0.071031,0.116683,-0.031313
2.393082,0.020535,0.086290,0.012292
2.422937,-0.037359,0.028229,0.057617
2.462744,-0.013247,0.044165,-0.018831
2.492600,-0.040379,0.069511,0.032731
2.522455,0.017014,0.050953,0.066307
2.562262,0.013363,0.071358,0.010469
2.592118,-0.013607,0.080119,-0.011505
2.621973,-0.002429,0.042339,-0.006591
2.661780,0.014862,0.043022,-0.012132
2.691636,0.009488,0.076652,-0.006561
2.731443,-0.024359,0.035372,0.024209
2.761298,0.006151,-0.026128,-0.024811
2.791153,-0.011690,0.043861,-0.066453
2.830961,-0.019308,0.046761,0.005560
2.860816,0.028589,0.005950,0.004095
2.890671,0.075631,0.011918,-0.044938
2.930479,0.015795,0.085403,-0.004503
2.960334,0.018436,0.039202,0.080128
2.990189,0.074514,0.024577,0.042430
3.029996,0.025373,0.004534,-0.064227
3.059852,0.001423,0.073623,-0.063984
3.089707,-0.031430,0.029113,-0.016682
3.129514,0.037828,0.042367,0.012421
3.159370,0.004170,0.037408,0.047301
3.189225,-0.024627,-0.005856,0.061627
3.229032,-0.034726,0.009617,0.060386
3.258888,-0.058496,0.031256,0.001815
3.288743,-0.069828,0.023913,0.018548
3.328549,0.016316,0.039776,-0.033122
3.358405,0.057020,-0.002560,-0.017660
3.398212,0.021991,0.041165,0.026383
3.428067,0.043307,0.017174,0.028843
3.457922,0.056062,0.024717,0.000868
3.497730,0.016279,0.011725,0.000307
3.527585,0.006534,-0.010412,0.021802
3.557440,0.004475,-0.000591,0.027058
3.597248,-0.033774,0.021425,-0.029460
3.627103,-0.071705,-0.018698,-0.005931
3.656958,-0.007118,-0.003153,0.033435
3.696765,0.004370,0.036582,0.013720
3.726621,-0.027800,-0.013367,0.039621
3.756476,0.010307,-0.027536,0.056915
3.796283,-0.007412,0.000455,0.020250
3.826139,-0.065886,0.035009,0.028544
3.855994,0.032677,0.027069,-0.019372
3.895801,0.146841,-0.057744,-0.017954
3.925657,-0.263188,-0.035303,-0.017576
3.955512,-0.151519,-0.253039,0.171334
3.995319,0.256282,-0.108150,0.069700
4.037632,0.059742,-0.136251,0.081774
4.067488,-0.160707,-0.226987,0.015539
4.097343,-0.054808,-0.077744,-0.047227
4.127198,-0.089010,0.227396,-0.111639
4.167006,0.073585,0.024360,-0.086359
4.196861,-0.090744,-0.110798,-0.067759
4.226716,-0.139644,-0.071961,-0.033224
4.266524,0.131701,0.078683,0.037939
4.296379,0.065106,-0.028659,0.044973
4.326234,-0.052953,-0.092636,0.005916
4.366041,0.008794,0.021437,-0.062036
4.395897,0.061954,-0.018115,0.061510
4.425752,-0.001861,-0.058436,0.053065
4.465559,-0.050126,-0.104458,-0.033183
4.495415,0.000195,-0.067085,-0.045961
4.535222,0.043192,-0.121068,0.012601
4.565077,-0.038949,-0.131258,-0.058689
4.594933,-0.014152,-0.131931,-0.041966
4.634740,-0.011964,-0.072771,0.008594
4.664595,0.029810,-0.092108,-0.019664
4.694451,0.025459,-0.133938,0.017789
4.724288,0.030683,-0.114110,-0.000319
4.764095,0.011245,-0.127689,-0.041884
4.793950,-0.031743,-0.176194,-0.021983
4.823806,-0.044647,-0.118001,-0.001849
4.863613,0.048753,-0.117780,0.004890
4.893468,0.052795,-0.127740,0.011769
4.923324,0.027559,-0.139492,0.044538
4.963131,0.013416,-0.136639,-0.010770
4.992986,-0.043082,-0.135057,-0.017494
5.022842,-0.017108,-0.185215,-0.006186
5.062649,-0.023880,-0.200306,0.029075
5.092504,-0.009403,-0.179998,0.043399
5.122360,0.027700,-0.178565,0.025719
5.162167,-0.143074,-0.263897,0.002461
5.192022,-0.088206,-0.268790,-0.004796
5.221878,0.063955,-0.198080,-0.045068
5.261685,0.104266,-0.183445,-0.085344
5.291540,0.028252,-0.171387,-0.054011
5.331349,0.041500,-0.204142,0.005938
5.361204,0.020098,-0.221192,0.037571
5.391059,-0.044317,-0.167501,0.003066
5.430867,-0.013407,-0.232431,-0.000137
5.460722,-0.079979,-0.267740,-0.015062
5.490578,-0.033715,-0.220783,-0.014586
5.530385,0.019610,-0.176559,-0.055480
5.560240,0.048818,-0.209731,-0.047655
5.590096,-0.032017,-0.255993,-0.019190
5.629903,-0.026714,-0.242714,-0.030120
5.659758,-0.047597,-0.266464,0.015269
5.689614,-0.002040,-0.243146,0.023968
5.729421,0.090112,-0.287488,-0.000610
5.759276,-0.034547,-0.215215,0.013520
5.789132,-0.068028,-0.227688,0.054249
5.828939,0.171852,-0.164684,0.100408
5.858794,0.032331,-0.168080,0.145190
5.888650,-0.096751,-0.203607,0.036323
5.928457,-0.016470,-0.191780,-0.119192
5.958312,0.150684,-0.327286,-0.035518
5.998119,0.058362,-0.391669,-0.038812
6.027975,-0.163909,-0.180684,-0.022952
6.057830,-0.109639,-0.072783,-0.017711
6.097637,0.024412,-0.163548,-0.009511
6.127493,0.017437,-0.189328,-0.007204
6.157348,-0.068150,-0.180870,-0.024757
6.197155,0.004144,-0.290948,0.028729
6.227011,-0.044907,-0.218103,0.074402
6.256866,-0.067690,-0.135439,0.042806
6.296673,-0.016178,-0.165180,-0.053419
6.326529,-0.064283,-0.158014,-0.044786
6.356384,-0.059409,-0.154898,-0.063136
6.396191,-0.025762,-0.124079,0.022134
6.426047,0.001198,-0.140251,0.055235
6.455902,0.020853,-0.121029,0.045054
6.495709,0.002925,-0.115929,-0.013747
6.525565,-0.010209,-0.118968,-0.014338
6.555420,0.000242,-0.146586,0.022154
6.595227,-0.033331,-0.165539,0.051147
6.625083,-0.051726,-0.123863,0.019030
6.664890,0.028752,-0.130377,0.023335
6.694746,-0.005174,-0.169625,0.039600
6.724601,-0.028371,-0.181982,0.071841
6.764408,-0.042162,-0.110946,0.048527
6.794264,-0.009660,-0.140676,0.054183
6.824119,-0.023872,-0.152690,0.038058
6.863926,-0.001285,-0.201304,0.038505
6.893782,-0.010801,-0.173035,0.044967
6.923637,-0.016735,-0.125124,0.065610
6.963444,0.020726,-0.106707,0.005383
6.993300,0.035424,-0.073587,-0.002275
7.023155,0.018252,-0.078917,0.018648
7.062962,-0.002653,-0.078848,0.047920
7.092818,0.010809,-0.086448,0.009464
7.122673,0.041144,-0.092838,-0.011140
7.162480,-0.015236,-0.059581,0.024901
7.192336,-0.000872,-0.071976,0.035026
7.222191,0.023324,-0.080087,0.014599
7.261998,-0.010782,-0.039076,0.019861
7.291854,-0.012090,-0.027373,0.044693
7.331660,0.031516,-0.055612,-0.006734
7.361515,-0.029434,-0.029761,-0.037136
7.391370,-0.056567,-0.037850,0.003924
7.431178,-0.031626,-0.020679,0.030942
7.461033,-0.022774,-0.026411,0.027183
7.490889,-0.028062,-0.014239,0.013769
7.530696,-0.066561,0.007546,0.022506
7.560551,-0.090764,-0.035120,0.047456
7.590406,-0.089764,0.001097,0.055189
7.630214,0.003060,-0.005399,0.049610
7.660069,-0.002691,-0.031603,0.033992
7.689925,-0.003049,-0.032187,0.041740
7.729732,0.046790,0.004336,0.066108
7.759587,0.095527,-0.005062,0.050960
7.789442,0.061121,0.020210,-0.002559
7.829250,-0.044000,0.102664,-0.019541
7.859105,0.020400,0.065795,-0.006589
7.888960,0.060190,0.037518,-0.035068
7.928768,0.030055,0.071736,-0.023449
7.958623,-0.000527,0.089414,0.035020
7.988478,0.029554,0.065678,0.001247
8.038255,-0.016966,0.137556,0.000895
8.068111,-0.009492,0.158440,0.042499
8.097966,0.002511,0.153953,0.021078
8.127822,-0.038615,0.170994,-0.065861
8.167629,0.049199,0.151209,-0.045972
8.197484,0.037683,0.009680,0.036935
8.227340,-0.138350,0.126487,0.042559
8.267147,0.160945,0.152380,0.001649
8.297002,0.224438,0.008623,0.120916
8.326859,-0.068209,0.148978,0.181865
8.366666,-0.058646,0.306069,-0.037988
8.396521,0.195018,0.116883,-0.108477
8.426377,0.066368,0.064772,0.028114
8.466184,-0.161090,0.283632,0.098691
8.496039,0.082424,0.274040,-0.001922
8.525895,0.192878,0.134092,-0.047362
8.565702,-0.085140,0.138245,0.074391
8.595557,-0.035567,0.254682,0.078934
8.635364,0.163195,0.269173,-0.027159
8.665220,0.020805,0.200229,0.007237
8.695075,-0.100758,0.214704,0.034592
8.724919,0.005293,0.265941,0.002789
8.764726,0.075068,0.239446,-0.022558
8.794581,-0.019062,0.225064,0.016834
8.824437,-0.041737,0.243039,0.027330
8.864244,0.041289,0.266095,0.025335
8.894099,0.013466,0.253552,0.064617
8.923955,0.023781,0.252877,0.043298
8.963762,0.039679,0.259878,-0.015595
8.993617,-0.077893,0.355265,0.008979
9.023473,-0.009277,0.336015,0.022508
9.063280,0.156924,0.217233,-0.007633
9.093135,-0.041959,0.293466,0.011150
9.132943,0.017529,0.347644,0.033448
9.162798,0.130822,0.284990,-0.013776
9.192654,-0.020058,0.272270,-0.004064
9.232461,-0.080312,0.389249,0.040987
9.262316,0.121041,0.321681,0.004859
9.292172,0.112598,0.265491,-0.018405
9.331978,-0.133073,0.404462,0.009484
9.361833,0.046540,0.402759,0.017410
9.391689,0.221168,0.227611,-0.008061
9.431496,-0.102147,0.342628,0.003312
9.461351,-0.071536,0.458925,0.032521
9.491207,0.173459,0.340303,0.007586
9.531014,0.021611,0.287760,-0.015091
9.560870,-0.056150,0.376186,-0.002824
9.590725,0.061536,0.360448,0.021649
9.630532,0.075027,0.319924,0.001906
9.660388,-0.015185,0.338826,0.003515
9.690243,-0.031234,0.337698,0.035639
9.730050,0.084856,0.324636,-0.003192
9.759906,0.046581,0.318296,-0.005801
9.799713,-0.044023,0.360150,0.040604
9.829568,0.036408,0.359140,0.020454
9.859424,0.063996,0.296887,-0.010364
9.899231,-0.040178,0.333424,0.027411
9.929087,-0.004207,0.351354,0.049840
9.958942,0.064246,0.303293,-0.003176
9.998749,-0.021214,0.333818,0.009488
10.028605,0.022041,0.283052,0.044824
10.058460,0.089928,0.275808,0.017295
10.098267,0.003998,0.363333,-0.026583
10.128123,0.033562,0.356265,0.000035
10.157978,0.065518,0.309109,0.001317
10.197785,0.012093,0.308146,-0.026304
10.227641,-0.006141,0.337996,0.021679
10.257496,0.005461,0.345454,0.059732
10.297304,0.060938,0.276697,-0.006165
10.327160,0.007011,0.282076,-0.013227
10.357015,-0.039625,0.295597,0.050817
10.396823,0.036086,0.274711,0.061207
10.426678,0.027021,0.265144,0.008121
10.456534,-0.012269,0.272234,-0.030517
10.496341,-0.006136,0.259525,-0.001260
10.526196,0.002149,0.246916,0.020245
10.566003,0.028068,0.244726,0.006687
10.595859,0.020156,0.262237,0.014144
10.625714,0.033648,0.239204,0.028202
10.665522,0.047294,0.190557,0.029889
10.695377,0.027573,0.176341,0.013150
10.725232,0.085621,0.105648,0.008029
10.765040,0.087159,0.152388,0.050191
10.794895,0.018369,0.263551,0.035869
10.824750,0.072352,0.274549,-0.047195
10.864558,-0.010514,0.188894,-0.053426
10.894413,-0.046051,0.171457,-0.002550
10.924269,-0.007219,0.131315,0.042700
10.964076,-0.008189,0.071959,0.038090
10.993931,-0.087486,0.075994,0.042384
11.023787,-0.060211,0.109742,0.046335
11.063594,0.030088,0.108809,0.005404
11.093449,-0.012343,0.105504,0.018694
11.133257,-0.031261,0.098909,0.036634
11.163112,0.028858,0.071863,0.014104
11.192967,0.026337,0.037298,0.016651
11.232775,-0.032504,0.019266,0.046168
11.262630,0.011208,0.015268,0.013948
11.292485,0.100658,0.020034,-0.026313
11.332292,0.056810,0.035004,0.016269
11.362147,0.023029,0.024081,0.043300
11.392003,0.026629,0.007369,0.001117
11.431810,0.019904,-0.022471,-0.037834
11.461665,0.018706,-0.053826,-0.029474
11.491521,0.005149,-0.083010,-0.029184
11.531328,0.033383,-0.063546,-0.056276
11.561183,0.025728,-0.067463,-0.037363
11.591039,-0.001549,-0.069939,0.001658
11.630846,0.042028,-0.077976,-0.044041
11.660701,0.039364,-0.067374,-0.047830
11.690557,-0.004372,-0.109083,-0.015632
11.730364,0.017029,-0.134799,-0.043084
11.760219,0.007190,-0.139779,-0.026896
11.800027,0.019150,-0.158348,0.017547
11.829882,0.017985,-0.158951,0.002046
11.859737,-0.004825,-0.173652,-0.013407
11.899545,-0.002171,-0.189977,0.020853
11.929400,0.002711,-0.174657,-0.002041
11.959256,0.013736,-0.174910,-0.010447
11.999063,0.006218,-0.202282,0.049413
12.040126,-0.029013,-0.258424,0.061957
12.060030,-0.013749,-0.254863,0.014135
12.099837,0.101512,-0.442034,-0.038776
12.129692,0.056082,-0.535067,0.001314
12.159548,-0.059097,-0.285812,0.124258
12.199355,-0.191572,0.302608,0.170332
12.229210,-0.149705,0.366214,-0.062256
12.269017,0.176909,-0.635591,-0.420761
12.298873,-0.208212,-0.918439,-0.371663
12.328728,-0.485937,-0.551117,0.079231
12.368535,0.083758,-0.190852,0.586625
12.398390,0.356068,-0.164199,0.092166
12.428245,0.163033,-0.340513,-0.239793
12.468054,-0.395565,-0.359835,-0.058196
12.497909,-0.208458,-0.235005,0.108673
12.527764,0.161090,-0.249365,0.030805
12.567572,0.036672,-0.314657,-0.066089
12.597427,-0.051954,-0.404522,0.038637
12.627282,0.039400,-0.444889,0.052564
12.667089,0.026920,-0.389224,-0.040530
12.696944,-0.068099,-0.287825,-0.076173
12.726789,-0.039898,-0.349242,0.021113
12.756644,0.128955,-0.456935,0.031964
12.796450,-0.049430,-0.351669,-0.091447
12.826306,-0.059608,-0.344977,-0.082017
12.866114,0.079831,-0.484114,0.032549
12.895969,-0.012362,-0.422589,-0.038461
12.925825,-0.031053,-0.394453,-0.053423
12.965632,0.036246,-0.474037,0.004673
12.995488,-0.042472,-0.471354,0.005628
13.025343,-0.094948,-0.431413,-0.031031
13.065149,0.046173,-0.452011,0.016047
13.095005,0.040074,-0.476710,0.000304
13.124861,-0.052745,-0.450324,-0.051324
13.164668,-0.026961,-0.442351,0.001079
13.194524,0.034941,-0.505731,0.006956
13.224379,-0.018663,-0.463386,-0.007423
13.264187,-0.032754,-0.483629,-0.000357
13.294042,-0.006468,-0.407240,-0.001647
13.323897,0.101061,-0.455033,0.001793
13.363705,-0.069707,-0.485068,-0.044643
13.393560,-0.071142,-0.399571,0.003786
13.423416,0.081337,-0.450318,0.000423
13.463223,-0.026871,-0.443786,-0.049261
13.493078,-0.052775,-0.476532,0.013895
13.532886,0.053106,-0.455375,0.019742
13.562741,0.088048,-0.487092,-0.046761
13.592597,-0.096514,-0.462436,-0.046524
13.632404,0.064548,-0.401384,0.044102
13.662259,0.128369,-0.439727,-0.032253
13.692115,-0.049634,-0.415797,-0.095706
13.731922,-0.071208,-0.396442,0.015967
13.761777,0.099139,-0.410889,0.033530
13.791633,0.051420,-0.394050,-0.006186
13.831440,-0.024208,-0.437239,-0.056585
13.861296,-0.021067,-0.374409,-0.012952
13.891151,0.045844,-0.401632,0.009819
13.930958,-0.021612,-0.387415,-0.026222
13.960814,-0.120628,-0.380669,-0.016124
13.990669,0.003631,-0.394079,0.002943
14.030477,0.009357,-0.358196,-0.034292
14.060332,-0.090433,-0.372276,-0.012237
14.090188,-0.013301,-0.378572,0.029134
14.129995,0.035272,-0.322497,0.034254
14.159850,-0.036881,-0.270836,-0.005816
14.189706,-0.024782,-0.263750,-0.040099
14.229513,0.008567,-0.317059,-0.088725
14.259368,-0.075168,-0.269809,-0.039482
14.299176,0.004069,-0.330565,0.086104
14.329032,0.066340,-0.343879,0.063817
14.358888,0.009282,-0.267718,-0.003501
14.398695,-0.033019,-0.235666,-0.058889
14.428550,0.057473,-0.224716,-0.034580
14.458406,0.000630,-0.212677,-0.001578
14.498213,-0.034090,-0.161297,-0.041572
14.528069,-0.026150,-0.186736,-0.071364
14.557924,0.023899,-0.190755,-0.044265
14.597731,-0.066540,-0.208153,-0.009556
14.627587,-0.216816,-0.157157,-0.067462
14.657442,-0.184596,-0.136523,-0.083719
14.697249,0.020858,-0.126712,0.043016
14.727105,0.049311,-0.109990,0.076932
14.756960,-0.070324,-0.106479,-0.007822
14.796768,-0.062248,-0.100916,-0.036911
14.826623,0.012046,-0.078544,0.004885
14.856478,0.012665,-0.052221,0.011131
14.896286,0.010513,-0.049953,0.022493
14.926141,0.002122,-0.024564,0.009756
14.965948,0.039926,-0.004950,-0.006677
14.995804,0.004390,0.005308,0.002021
15.025659,0.063661,0.030649,0.036595
15.065467,0.085807,0.018493,0.016964
15.095322,0.067657,0.012978,-0.041680
15.125177,0.002693,0.012219,-0.075582
15.164985,-0.043469,0.040372,-0.057410
15.194840,0.080834,0.077022,-0.014584
15.224696,0.137728,0.110657,0.029655
15.264503,0.011148,0.116239,0.029795
15.294358,-0.015553,0.102332,-0.035977
15.324214,-0.007245,0.138369,-0.054221
15.364021,-0.019727,0.147875,0.012441
15.393876,0.017749,0.152732,0.027633
15.423732,0.044332,0.175144,-0.017642
15.463539,-0.028817,0.195543,0.019764
15.493395,0.016476,0.177210,0.038328
15.523250,0.051737,0.211783,0.019435
15.563057,0.011180,0.274128,-0.005000
15.592913,0.031138,0.261608,0.012619
15.622768,0.029127,0.265190,-0.012117
15.662575,0.117970,0.283403,0.034616
15.692431,0.097671,0.325625,0.078510
15.732238,0.036279,0.301649,0.052677
15.762094,0.032443,0.251716,0.012667
15.791949,-0.053203,0.324184,0.012755
15.831756,-0.007985,0.320088,0.055615
15.861612,0.040069,0.305943,0.032210
15.891467,-0.101508,0.455211,0.026881
15.931274,-0.011583,0.431658,0.080455
15.961130,0.120769,0.059265,-0.117675
15.990985,-0.135623,0.370562,-0.114355
16.040756,0.515177,0.185960,0.446732
16.070612,0.154803,0.388857,0.031538
16.100467,-0.292744,0.682757,-0.318900
16.130323,-0.167399,0.822459,-0.161146
16.160178,0.368967,0.224113,0.084705
16.199985,0.047552,0.231386,0.161919
16.229841,-0.102569,0.610263,-0.010067
16.259696,0.262712,0.715834,-0.085635
16.299503,0.039399,0.351705,-0.147621
16.329357,-0.055071,0.434483,-0.014375
16.359212,0.175185,0.507512,0.105007
16.399019,0.061493,0.630746,-0.044588
16.428875,-0.076780,0.443432,-0.086008
16.468682,-0.074447,0.455156,0.045080
16.498538,0.088603,0.491107,0.077071
16.528393,0.062450,0.554126,0.040598
16.568200,0.102290,0.494073,0.004642
16.598056,-0.000836,0.498920,0.034258
16.627911,-0.062173,0.647340,0.033576
16.667718,0.127588,0.479523,0.035696
16.697574,0.018196,0.465202,-0.003205
16.727411,-0.071846,0.607473,0.018096
16.757267,0.024579,0.645111,0.037240
16.797074,0.013804,0.582250,-0.030289
16.826929,-0.064564,0.593892,0.021245
16.856785,0.078249,0.504400,0.067791
16.896592,0.046423,0.556122,0.056213
16.926448,0.092784,0.567795,0.040327
16.956303,0.151931,0.523477,0.030221
16.996110,0.131796,0.567608,0.012249
17.025966,0.049860,0.537590,0.018374
17.055821,0.034013,0.558415,-0.009909
17.095628,0.031653,0.538781,0.010869
17.125484,0.057770,0.553118,-0.003551
17.155339,0.037425,0.573231,0.043567
17.195147,-0.015468,0.491084,0.103400
17.225002,-0.026170,0.500470,0.042783
17.264809,0.033924,0.533728,0.037402
17.294665,-0.031410,0.479190,0.103566
17.324521,0.009999,0.507884,0.160843
17.364329,0.053922,0.503251,0.153456
17.394184,-0.049851,0.488387,0.064156
17.424040,0.012359,0.423781,0.021661
17.463847,0.036656,0.507931,0.054695
17.493702,0.005066,0.497447,0.097317
17.523558,0.018850,0.464233,0.056070
17.563365,-0.011351,0.471172,0.036785
17.593220,0.068639,0.357259,0.065471
17.623076,0.068029,0.352109,0.043202
17.662883,0.001652,0.529589,-0.026030
17.692739,0.059382,0.509770,-0.089858
17.722594,0.041650,0.436855,-0.100470
17.762401,-0.019415,0.431628,0.028554
17.792257,0.000540,0.396942,0.134397
17.822112,0.050976,0.333808,0.097864
17.861920,-0.031757,0.322406,-0.002165
17.891775,-0.079946,0.325365,0.074119
17.931582,0.005885,0.314000,0.071546
17.961438,-0.056012,0.337598,0.043972
17.991293,-0.029299,0.348874,0.042825
18.031100,-0.037494,0.270090,0.016147
18.060956,-0.050017,0.248645,0.016327
18.090811,-0.027669,0.274917,0.017125
18.130619,0.020773,0.255762,0.028792
18.160474,0.055718,0.244387,0.028405
18.190330,0.108628,0.217943,0.029799
18.230137,0.079413,0.230717,0.025995
18.259992,0.066701,0.225528,-0.002911
18.289848,0.006074,0.200170,-0.000275
18.329655,-0.050207,0.169558,-0.014764
18.359510,0.000565,0.155615,-0.015980
18.389366,0.040711,0.120675,0.013541
18.429173,-0.030042,0.118074,0.052794
18.459029,-0.022984,0.103625,0.042043
18.488884,0.077823,0.095415,0.023592
18.528691,0.012836,0.082491,-0.012663
18.558547,0.056001,0.047398,-0.019609
18.598354,0.020999,0.048110,-0.001215
18.628209,0.032914,0.036364,-0.008973
18.658065,0.090324,0.039059,-0.050817
18.697872,0.034159,0.025779,-0.048762
18.727728,-0.032075,0.010386,-0.025600
18.757583,0.003700,-0.055157,0.013452
18.797390,-0.019969,-0.026030,0.001244
18.827246,-0.004047,-0.017931,0.003915
18.857101,-0.010953,-0.073081,0.019666
18.896908,-0.057770,-0.136372,0.016532
18.926764,-0.006610,-0.103333,0.006386
18.956619,0.028310,-0.105446,0.017668
18.996426,-0.059055,-0.154827,-0.000047
19.026282,-0.032655,-0.165407,-0.023525
19.056137,0.041803,-0.155949,-0.016248
19.095945,0.001811,-0.198941,0.010311
19.125800,-0.025820,-0.218946,-0.030936
19.155655,-0.003805,-0.213497,-0.030226
19.195463,-0.019040,-0.257632,-0.006781
19.225318,-0.003119,-0.261003,-0.020749
19.265125,-0.036961,-0.249195,0.016669
19.294981,0.012579,-0.268116,-0.004486
19.324837,0.013387,-0.341061,-0.013230
19.364644,-0.002399,-0.326325,-0.023269
19.394499,0.011646,-0.314821,0.028412
19.424354,0.022502,-0.323639,-0.002575
19.464163,0.024572,-0.359324,-0.009191
19.494018,-0.029766,-0.341325,-0.021998
19.523873,0.015611,-0.370259,-0.031002
19.563681,-0.016891,-0.415273,-0.032282
19.593536,-0.037478,-0.343668,-0.013822
19.623392,0.063275,-0.356720,0.018113
19.663198,0.027488,-0.448722,-0.056652
19.693053,-0.042419,-0.429421,-0.055202
19.722910,0.001614,-0.407759,-0.014595
19.762717,0.066679,-0.474047,-0.027653
19.792572,0.015548,-0.475405,-0.048814
19.822428,-0.038755,-0.479723,-0.034205
19.862235,0.008423,-0.627033,-0.073056
19.892090,0.150081,-0.855978,-0.146900
19.921945,0.161719,-0.869767,-0.004304
19.961752,-0.318776,0.272679,0.134444
19.991608,0.238140,-0.043196,-0.258400
20.041386,-0.215410,-1.061384,-0.625878
20.061289,-0.854848,-0.781681,-0.326939
20.101096,-0.150182,-0.608506,0.621688
20.130952,0.529869,-0.752235,0.457427
20.160807,0.595859,-0.356466,-0.171227
20.200615,-0.204952,-0.604780,-0.188663
20.230469,-0.464825,-0.693568,0.022329
20.260324,-0.237194,-0.652222,0.127936
20.300133,0.040947,-0.473616,-0.060217
20.329986,0.031229,-0.489701,-0.125723
20.359841,0.121184,-0.796728,-0.061619
20.399649,-0.140996,-0.816738,-0.056262
20.429504,-0.179539,-0.573711,0.008029
20.459359,-0.046052,-0.496963,0.093831
20.499167,0.127922,-0.595866,-0.011035
20.529022,0.109302,-0.591099,-0.094721
20.568829,-0.072664,-0.637311,-0.129646
20.598685,-0.159291,-0.605627,-0.076798
20.628540,-0.035926,-0.643624,-0.006167
20.668347,0.033967,-0.571050,-0.005391
20.698203,0.123204,-0.663626,-0.030307
20.728052,-0.000235,-0.665203,-0.089635
20.757908,-0.171278,-0.604776,-0.028855
20.797715,-0.054624,-0.608374,0.075807
20.827570,0.055004,-0.585331,-0.021409
20.867378,-0.073740,-0.633119,-0.083824
20.897233,-0.114090,-0.639496,-0.048099
20.927089,-0.155927,-0.542989,0.021470
20.966896,0.061880,-0.674485,0.017710
20.996751,-0.042312,-0.640644,0.003131
21.026607,0.009279,-0.521116,0.014679
21.066414,0.076773,-0.582115,-0.027374
21.096269,-0.083276,-0.593252,-0.106919
21.126125,-0.129268,-0.574160,-0.072427
21.165932,-0.047227,-0.547289,0.006379
21.195788,0.010862,-0.543984,-0.023656
21.225643,-0.072281,-0.545855,-0.008042
21.265450,-0.072503,-0.464195,0.000717
21.295306,0.021921,-0.499544,0.002654
21.325161,-0.025849,-0.506037,-0.093294
21.364968,-0.134781,-0.413758,-0.061521
21.394824,-0.009658,-0.548339,0.042047
21.424679,0.081232,-0.570233,0.018043
21.464487,-0.015974,-0.454217,-0.063215
21.494342,-0.014982,-0.439344,-0.032391
21.534149,0.096754,-0.400924,0.041104
21.564005,0.056690,-0.424179,0.009948
21.593860,0.016109,-0.422286,0.003420
21.633668,-0.014013,-0.378663,0.033289
21.663523,0.026813,-0.368415,-0.027068
21.693379,-0.025266,-0.361054,-0.048135
21.733186,-0.080667,-0.340019,0.001204
21.763041,-0.056155,-0.268398,-0.014214
21.792897,-0.125949,-0.259528,-0.094611
21.832704,-0.056164,-0.293516,-0.007662
21.862560,-0.040164,-0.259807,0.007826
21.892415,-0.010406,-0.219299,0.009790
21.932222,-0.018209,-0.258809,-0.009699
21.962078,-0.042164,-0.270502,-0.005715
21.991933,-0.014877,-0.261760,-0.021439
22.031741,0.009650,-0.211938,0.037268
22.061596,0.026104,-0.221522,0.063921
22.091452,-0.007964,-0.199837,0.010074
22.131259,-0.072237,-0.120771,-0.035482
22.161114,-0.011103,-0.119122,-0.029557
22.190970,0.002566,-0.148435,-0.021911
22.230777,-0.030017,-0.129112,-0.056924
22.260633,-0.011090,-0.119038,-0.009384
22.300440,-0.044425,-0.072483,0.049867
22.330296,0.007234,0.004235,0.005724
22.360152,-0.057889,0.002898,0.056341
22.399959,-0.157656,0.016520,0.050164
22.429815,-0.069313,0.018158,0.006935
22.459670,-0.021587,0.021908,-0.041035
22.499478,0.033900,0.067262,0.031192
22.529333,0.021104,0.076684,0.016696
22.559189,0.046330,0.065263,-0.014903
22.598996,0.076938,0.101213,0.011690
22.628851,0.031113,0.109391,0.042843
22.658707,0.064630,0.121571,-0.009120
22.698514,0.075865,0.215649,-0.041326
22.728370,0.025183,0.206881,0.028754
22.758225,0.049548,0.181727,0.015858
22.798032,0.063384,0.176194,-0.070144
22.827888,0.035021,0.225089,-0.034596
22.857743,0.082050,0.262496,0.010387
22.897551,0.088083,0.286710,0.061330
22.927406,0.042155,0.301146,0.096793
22.957262,0.062477,0.348379,0.088759
22.997069,0.107746,0.290894,0.086038
23.026925,0.084105,0.273394,0.084442
23.066732,0.057588,0.406042,0.027857
23.096587,0.027883,0.371620,0.006965
23.126443,0.015726,0.365779,0.037551
23.166250,-0.029122,0.413138,0.009880
23.196106,-0.008874,0.373406,0.044726
23.225961,-0.037686,0.427710,0.029703
23.265769,0.009032,0.483982,0.016991
23.295624,0.054755,0.484400,0.035092
23.325481,0.043874,0.492068,0.004353
23.365288,0.024746,0.445784,0.007474
23.395144,0.019265,0.482649,-0.058358
23.424999,0.034401,0.505763,-0.057469
23.464806,0.017793,0.489450,0.009431
23.494662,0.074395,0.524185,0.003283
23.524517,0.091425,0.533051,0.025674
23.564325,0.035589,0.536047,0.032492
23.594180,0.012736,0.777545,-0.010816
23.624036,0.049002,0.798876,0.002014
23.663843,0.045589,0.136493,-0.292876
23.693699,-0.234324,0.661787,-0.170065
23.733506,0.547462,0.163723,0.698911
23.763362,0.149760,0.254995,0.437051
23.793217,-0.305675,0.848579,-0.163544
23.833025,0.011135,0.949303,-0.213915
23.862880,0.250103,0.731939,0.077905
23.892736,0.207236,0.539133,0.342645
23.932543,0.134569,0.564246,-0.061508
23.962398,-0.100369,0.675801,-0.328668
23.992254,-0.098151,0.585001,-0.190775
24.032061,-0.016815,0.667237,0.147319
24.061917,0.240053,0.855516,0.202655
24.091772,0.274845,0.662023,0.041874
24.131580,-0.343111,0.708762,-0.191410
24.161435,-0.186193,0.720383,-0.023890
24.191291,0.095896,0.696707,0.145410
24.231098,-0.021019,0.615071,0.198071
24.260954,-0.052736,0.641068,0.085496
24.300761,-0.040348,0.695993,0.050341
24.330616,-0.239859,0.682016,0.045794
24.360471,-0.142284,0.723173,0.067856
24.400279,0.117566,0.705022,0.081904
24.430134,-0.091863,0.696681,0.003482
24.459990,-0.092205,0.681610,-0.051766
24.499797,-0.001654,0.692013,-0.061542
24.529653,0.037061,0.706285,0.020509
24.559508,0.098103,0.605770,-0.024113
24.599316,0.062120,0.692890,-0.053769
24.629171,0.040310,0.695814,0.014703
24.659027,0.101425,0.689246,0.069402
24.698834,0.096227,0.681274,0.085077
24.728690,-0.067094,0.679911,0.039759
24.758545,-0.028711,0.581781,0.002640
24.798353,0.017534,0.648746,0.024579
24.828208,0.145575,0.621942,-0.036579
24.858064,0.197800,0.556023,-0.027762
24.897871,0.259232,0.468393,0.068343
24.927727,0.203978,0.541855,0.071455
24.967534,0.141296,0.681952,0.021524
24.997390,0.101939,0.654518,-0.008519
25.027245,-0.046734,0.582573,-0.000107
25.067053,-0.062746,0.576925,0.024053
25.096908,0.035474,0.541948,0.027901
25.126764,0.067673,0.435444,0.069482
25.166571,0.128552,0.407531,0.195532
25.196427,-0.044987,0.458609,0.162754
25.226282,-0.133012,0.513830,0.044724
25.266090,-0.060221,0.480237,0.075472
25.295945,-0.102782,0.500857,0.050833
25.325801,-0.032279,0.507210,-0.046877
25.365608,-0.023036,0.437692,-0.170055
25.395464,-0.022875,0.382784,-0.079991
25.425319,-0.006186,0.415434,0.046915
25.465127,0.115086,0.390743,0.057861
25.494982,0.043147,0.377114,-0.009376
25.524838,0.049600,0.327763,-0.079020
25.564645,0.063984,0.294130,-0.056152
25.594501,0.043581,0.302219,0.006947
25.624356,0.098573,0.227311,-0.015298
25.664164,0.091822,0.261289,-0.065839
25.694019,0.057816,0.261158,-0.053649
25.733827,0.061666,0.240677,0.030427
25.763682,0.024539,0.219879,-0.002657
25.793538,0.055205,0.205266,-0.041920
25.833345,0.020847,0.137474,0.021416
25.863201,-0.003031,0.131542,-0.017337
25.893056,0.107807,0.118793,-0.055647
25.932864,0.040415,0.147031,-0.003527
25.962719,0.011786,0.122615,0.062656
25.992575,0.021245,0.076527,0.077404
26.032382,-0.011641,0.060924,-0.038885
26.062238,-0.044379,0.025117,-0.065295
26.092093,-0.044983,0.006453,0.017979
26.131901,-0.029114,0.020695,0.069383
26.161756,-0.025436,-0.002140,0.023808
26.191612,-0.013478,-0.010958,-0.011082
26.231419,-0.060769,-0.046105,-0.005549
26.261275,-0.116836,-0.076582,0.002612
26.291130,-0.084198,-0.103122,0.004958
26.330939,-0.062508,-0.122612,0.079982
26.360794,-0.086219,-0.113018,0.039669
26.400602,-0.063454,-0.143011,-0.033740
26.430457,-0.111110,-0.152997,0.025089
26.460313,-0.053369,-0.164824,0.068711
26.500120,-0.130870,-0.204057,0.009956
26.529976,-0.300051,-0.159513,0.015317
26.559831,-0.299346,-0.161033,-0.067454
26.599639,-0.049318,-0.140327,-0.146656
26.629494,0.108704,-0.204401,-0.020828
26.659350,0.059384,-0.256259,0.093837
26.699157,0.136904,-0.220675,0.015167
26.729013,0.153046,-0.239749,-0.065091
26.758868,0.127038,-0.297769,-0.078853
26.798676,0.135588,-0.322570,-0.007092
26.828531,0.136975,-0.337584,0.007991
26.858387,0.062540,-0.346255,0.008976
26.898195,0.023237,-0.403128,-0.021590
26.928050,-0.017852,-0.404805,-0.043092
26.957906,0.027903,-0.410239,-0.019496
26.997713,0.068395,-0.477659,0.037603
27.027569,0.069816,-0.481292,0.022922
27.067376,-0.049726,-0.514924,-0.043370
27.097232,-0.065325,-0.518550,-0.046496
27.127087,-0.017344,-0.525756,-0.034221
27.166895,0.013999,-0.538954,-0.037462
27.196751,-0.053460,-0.542686,-0.029253
27.226606,-0.009864,-0.571665,-0.020063
27.266414,0.023671,-0.586759,-0.067082
27.296269,0.008564,-0.555702,-0.069160
27.326123,-0.003380,-0.594581,0.010412
27.365930,0.034816,-0.606638,0.029765
27.395786,-0.015189,-0.618672,0.016920
27.425642,-0.127347,-0.643716,-0.035727
27.465449,-0.060792,-0.664953,-0.015705
27.495305,0.075349,-0.767203,-0.055053
27.525160,0.007555,-1.029023,-0.107636
27.564968,-0.138274,-0.999396,0.043163
27.594823,-0.210721,0.118293,0.228350
27.624679,0.456393,0.025659,-0.017805
27.664487,0.025400,-1.056177,-0.565685
27.694342,-0.835193,-0.737717,-0.255845
27.724198,-0.224874,-0.901350,0.305844
27.764005,0.516971,-0.990040,0.321229
27.793861,0.374394,-0.467036,-0.148785
27.833668,-0.243220,-0.771184,-0.142010
27.863524,-0.548242,-0.675353,-0.048333
27.893380,-0.262712,-0.570782,-0.068466
27.933187,0.141092,-0.630863,-0.062569
27.963043,0.065255,-0.715940,0.072945
27.992899,-0.156656,-0.922019,-0.016577
28.032706,-0.315819,-0.776609,-0.122953
28.062562,-0.190383,-0.796713,-0.049400
28.092417,0.023984,-0.671484,-0.056033
28.132225,0.142535,-0.652175,0.020716
28.162080,-0.261145,-0.679153,-0.078281
28.191936,-0.325868,-0.732712,-0.062525
28.231744,-0.006427,-0.752932,-0.105508
28.261599,0.084507,-0.715535,-0.105073
28.291455,0.067581,-0.737812,-0.022677
28.331263,-0.146064,-0.809817,-0.045046
28.361119,-0.095895,-0.610551,-0.055257
28.390975,0.014877,-0.666665,-0.024311
28.430782,-0.005804,-0.753250,-0.080771
28.460638,-0.138531,-0.684572,-0.042416
28.500445,-0.102021,-0.683388,0.004020
28.530301,-0.029448,-0.722888,-0.037918
28.560157,0.023326,-0.721566,-0.020654
28.599964,-0.093886,-0.656602,0.097668
28.629820,-0.064895,-0.666006,0.073409
28.659675,0.019505,-0.572225,-0.000341
28.699483,-0.037787,-0.672133,-0.014194
28.729339,-0.061672,-0.660406,-0.001805
28.759194,0.040600,-0.559995,0.083152
28.799002,0.084474,-0.667181,-0.006222
28.828857,-0.069797,-0.634981,-0.014231
28.858713,-0.095780,-0.590579,0.024411
28.898521,0.020549,-0.551607,-0.061621
28.928376,-0.071051,-0.583521,-0.092573
28.958232,-0.189621,-0.519168,-0.040355
28.998039,-0.048238,-0.492028,-0.046029
29.027895,0.038108,-0.508230,-0.052240
29.057751,-0.003261,-0.480904,-0.010988
29.097558,-0.065370,-0.467704,0.051053
29.127414,-0.047880,-0.488651,0.000227
29.167221,-0.068344,-0.402461,-0.077973
29.197077,-0.128195,-0.397009,-0.025144
29.226933,-0.025033,-0.396063,0.009222
29.266740,0.012436,-0.369538,-0.009584
29.296596,-0.070191,-0.358273,0.000517
29.326451,0.019720,-0.314140,0.026075
29.366259,-0.019645,-0.299581,0.025288
29.396115,-0.126012,-0.344028,0.020944
29.425970,-0.045841,-0.302661,0.018300
29.465778,-0.000725,-0.272668,0.028569
29.495633,-0.074116,-0.304700,0.027241
29.525489,-0.051394,-0.187153,0.005469
29.565297,-0.037136,-0.229682,-0.017515
29.595152,-0.063405,-0.229719,-0.060426
29.625008,-0.080541,-0.184912,-0.031356
29.664815,-0.057298,-0.163302,0.011306
29.694671,-0.035882,-0.111234,0.004456
29.724527,0.097204,-0.124945,0.031949
29.764334,-0.067834,-0.086097,0.002385
29.794190,-0.068804,-0.062807,-0.061762
29.824045,-0.004448,-0.072689,-0.046907
29.863853,0.077941,-0.031305,0.017608
29.893709,0.111948,0.007800,0.023732
29.933516,-0.035607,0.010904,-0.037825
29.963372,-0.050385,-0.000411,-0.079571
29.993227,0.030477,0.060148,-0.026941
30.162409,-0.093455,0.169523,0.011002
30.172361,-0.081353,0.176325,0.017315
30.192265,-0.025242,0.162332,0.038620
30.226682,-0.043815,-0.486291,0.007545
30.256538,-0.125569,-0.300950,0.070730
30.286394,-0.116408,-0.365281,0.009604
30.326201,-0.059952,-0.295973,0.011474
30.356057,-0.084272,-0.231344,0.063113
30.385913,-0.061407,-0.179901,0.054860
30.425721,-0.028509,-0.179732,0.050045
30.455576,-0.081679,-0.177987,-0.006403
30.485432,-0.053898,-0.207006,-0.057617
30.525240,-0.070307,-0.210318,0.039159
30.555095,-0.059473,-0.110952,0.059445
30.584951,-0.075948,-0.086242,0.018932
30.624759,-0.076072,-0.115758,0.007787
30.654615,-0.008351,-0.011391,0.038175
30.684470,0.030023,0.054395,0.070316
30.724278,0.067632,-0.072023,0.076313
30.754134,0.040069,-0.037977,0.063571
30.793941,-0.021759,0.128280,-0.095293
30.823797,0.051002,0.050468,-0.088936
30.853653,0.034173,0.043979,-0.007089
30.893460,0.029134,0.128387,0.007379
30.923316,0.092236,0.177183,0.029157
30.953172,0.070083,0.162468,0.114611
30.992979,0.085267,0.138872,0.049937
31.022835,0.036003,0.194493,-0.008613
31.052691,-0.003124,0.201157,-0.042674
31.092498,0.039178,0.222948,-0.020308
31.122354,0.021924,0.271506,-0.078847
31.152210,-0.034978,0.329449,-0.013948
31.192018,0.115179,0.237046,0.041235
31.221873,-0.083422,0.302678,0.081196
31.251729,-0.024543,0.335896,0.026686
31.291537,0.002683,0.327732,0.031652
31.321392,0.044937,0.360978,0.048005
31.351248,0.058731,0.384325,0.002270
31.391056,0.008179,0.473965,-0.001434
31.420910,0.039694,0.406027,-0.150961
31.460718,-0.015152,0.434729,-0.254466
31.490574,0.093968,0.537943,-0.194041
31.520429,0.146380,0.529490,-0.227725
31.560237,-0.071446,0.623133,-0.286736
31.590093,-0.043245,0.673286,-0.173275
31.619948,-0.029364,0.654411,-0.134702
31.659756,0.197390,0.696012,-0.235987
31.689612,0.057983,0.675018,-0.186185
31.719467,-0.128767,0.664915,-0.076875
31.759275,0.063081,0.793615,0.016065
31.789131,-0.111658,0.794821,0.041381
31.818986,-0.012169,0.729221,0.012913
31.858794,0.169444,0.616389,0.034519
31.888650,0.036659,0.682938,0.015062
31.918505,0.195385,0.606951,0.065356
31.958313,0.086084,0.672256,0.033144
31.988169,0.038816,0.613289,0.121820
32.018024,0.283398,0.605016,0.089601
32.057832,0.022252,0.705641,0.071958
32.087688,0.150797,0.685545,0.024524
32.117543,0.530100,0.982193,-0.074800
32.157351,0.190281,0.843094,0.472250
32.187207,-0.268201,-0.046802,0.011547
32.227014,-0.046248,0.574219,-0.168086
32.256870,-0.189849,0.642718,0.220002
32.286726,0.097900,0.572747,0.215775
32.326533,0.508945,1.292717,-0.168944
32.356389,0.474886,0.991576,-0.232885
32.386244,0.176389,0.674097,0.060027
32.426054,-0.190163,0.728637,0.143147
32.455910,0.088284,0.632533,-0.279980
32.485765,0.014526,0.699397,-0.272774
32.525573,0.019922,0.774447,0.248076
32.555429,0.204656,0.704708,0.403737
32.585284,0.068324,0.863024,0.278476
32.625092,-0.034147,0.890701,-0.176826
32.654948,-0.071492,0.745905,-0.254887
32.684803,0.100222,0.682236,0.059685
32.724611,0.072098,0.683621,0.222114
32.754467,-0.081425,0.730303,0.160265
32.784322,0.287701,0.814321,-0.227854
32.824130,0.144854,0.926250,-0.163160
32.853985,0.187972,0.819008,0.050351
32.893793,-0.064080,0.683003,0.190043
32.923649,0.017584,0.675806,0.044496
32.953504,0.020339,0.710937,-0.031556
32.993312,0.035698,0.732358,0.056030
33.023168,0.052888,0.786891,0.099126
33.053023,0.029471,0.766396,0.043316
33.092831,0.046891,0.757981,-0.023437
33.122686,0.084437,0.745913,-0.005298
33.152542,0.043082,0.719030,0.043636
33.192350,0.081431,0.663973,0.033200
33.222205,-0.069582,0.686359,0.069640
33.252061,0.015628,0.636086,0.057310
33.291869,0.193985,0.694211,-0.126008
33.321724,0.029723,0.717767,0.038611
33.351580,0.078789,0.645697,0.022433
33.391387,0.037164,0.617434,0.037400
33.421242,-0.079980,0.600752,0.026445
33.451098,-0.045910,0.582801,-0.016780
33.490905,0.020576,0.543473,-0.007001
33.520761,-0.073996,0.581058,0.010042
33.560568,0.083141,0.563554,0.022935
33.590424,0.092675,0.543941,0.025957
33.620280,-0.059113,0.526638,0.018810
33.660087,0.012726,0.519931,0.016730
33.689943,0.031176,0.458790,0.018261
33.719799,0.029159,0.443744,0.086183
33.759606,-0.030064,0.494336,0.064445
33.789462,0.039689,0.455953,-0.006341
33.819317,0.099146,0.428623,-0.025002
33.859125,-0.065920,0.399183,0.031774
33.888981,-0.005630,0.354714,-0.006278
33.918836,0.049091,0.367835,0.012297
33.958644,0.043519,0.395828,0.009878
33.988499,0.095724,0.356141,0.025856
34.018355,0.064575,0.322849,0.029925
34.058163,0.007232,0.294627,-0.059540
34.088018,0.057124,0.268377,-0.030188
34.127826,0.036539,0.258821,-0.011661
34.157681,0.072827,0.277372,0.064209
34.187537,0.099790,0.220472,0.077238
34.227344,0.061317,0.160665,0.048952
34.267164,0.039530,0.182453,0.017509
34.297020,-0.034113,0.158465,0.023180
34.326875,0.007302,0.087421,0.012773
34.356731,0.046018,0.073826,0.020328
34.396538,-0.030157,0.080806,-0.012912
34.426393,-0.047079,0.025212,-0.082443
34.456249,-0.306580,0.163256,0.047759
34.496056,-0.133362,-0.020316,0.058110
34.525912,-0.203661,-0.028921,-0.003224
34.555767,-0.139823,-0.055456,-0.126592
34.595575,-0.264481,-0.080048,0.225089
34.625431,-0.281615,-0.187612,0.170750
34.655286,-0.147465,-0.098918,-0.001140
34.695094,-0.124655,-0.113962,-0.101544
34.724949,0.344959,-0.127894,0.014140
34.754805,-0.040926,-0.098520,0.066313
34.794612,-0.087353,-0.134047,0.016699
34.824468,-0.007845,-0.230568,-0.079905
34.864276,-0.051045,-0.199584,0.081462
34.894131,0.077649,-0.217662,-0.048607
34.923987,0.078682,-0.193444,0.011559
34.953836,0.110258,-0.189763,0.027188
34.993644,0.067658,-0.278911,-0.031066
35.023500,0.078505,-0.286070,-0.054694
35.053355,0.060244,-0.262584,-0.030724
35.093163,0.031380,-0.302615,-0.026803
35.123018,0.099889,-0.371714,-0.009506
35.152874,0.097803,-0.358956,0.044235
35.192682,0.078883,-0.365715,0.027223
35.222537,0.069563,-0.414237,0.057765
35.252393,0.023307,-0.419170,0.004678
35.292200,0.040943,-0.401135,-0.010203
35.322056,0.077372,-0.495403,-0.034093
35.361864,-0.080277,-0.466647,0.025196
35.391719,-0.063013,-0.518130,0.011258
35.421576,0.047942,-0.555101,0.008248
35.461383,0.033550,-0.527564,0.072054
35.491239,0.030390,-0.514001,0.042987
35.521095,0.032056,-0.572231,0.086909
35.560902,-0.075386,-0.618667,-0.001730
35.590758,-0.088961,-0.601372,0.018947
35.620613,0.040348,-0.689309,-0.051326
35.660421,-0.065772,-0.623818,0.001927
35.690277,-0.033283,-0.614761,0.067353
35.720132,0.104216,-0.598696,0.035294
35.759940,-0.006000,-0.573515,-0.027382
35.789795,-0.049160,-0.656973,-0.056839
35.819651,0.022638,-0.672872,-0.039828
35.859459,-0.027296,-0.691101,-0.051576
35.889314,-0.072620,-0.718311,-0.040350
35.919170,-0.015445,-0.772200,0.044104
35.958977,-0.004090,-0.912038,0.109235
35.988833,-0.521454,-1.115347,0.036985
36.028641,-0.168863,-0.890396,0.126260
36.058496,0.830030,-0.174217,-0.019610
36.088352,0.877608,-0.317178,0.023440
36.128159,-0.094636,-0.569056,-0.771119
36.158015,-0.470793,-1.034039,-0.398517
36.187871,-0.321368,-1.084667,0.031446
36.227678,0.351543,-0.760897,0.196574
36.257534,-0.001106,-0.701691,0.361882
36.287390,0.041508,-0.603507,0.341346
36.327197,0.004673,-0.557889,-0.240718
36.357053,-0.265207,-0.784221,-0.349980
36.386908,-0.129689,-0.901917,-0.073233
36.426716,-0.230993,-1.044982,0.161286
36.456572,-0.056125,-1.025412,0.336424
36.486427,-0.010939,-0.722111,0.029392
36.526235,-0.019140,-0.624469,-0.210416
36.556090,-0.050977,-0.790194,-0.045589
36.585946,-0.037281,-0.836727,0.043557
36.625754,-0.038810,-0.818976,0.022243
36.655609,0.036910,-0.781457,-0.141122
36.685465,0.021798,-0.764374,-0.167728
36.725272,-0.086494,-0.721206,0.012971
36.755128,-0.020976,-0.779347,0.077195
36.794936,0.019796,-0.770236,-0.048450
36.824791,-0.036199,-0.754236,-0.172217
36.854647,-0.116910,-0.751607,-0.101093
36.894454,-0.100315,-0.762637,0.035874
36.924310,-0.044874,-0.679207,0.106039
36.954166,-0.035457,-0.623966,0.023573
36.993973,-0.089273,-0.693122,-0.072689
37.023829,-0.129017,-0.724610,0.004177
37.053685,-0.169075,-0.707067,0.127632
37.093492,0.015318,-0.696271,0.024227
37.123348,-0.025176,-0.653602,-0.101697
37.153204,0.034432,-0.579991,-0.159573
37.193011,0.046510,-0.617728,0.044937
37.222867,-0.140235,-0.552540,0.096797
37.252722,0.057981,-0.487682,0.035140
37.292530,0.048358,-0.564581,-0.105407
37.322386,-0.040183,-0.596749,-0.075207
37.352241,-0.237897,-0.576988,0.052049
37.392049,-0.014722,-0.554396,0.030972
37.421904,-0.007354,-0.498921,-0.011865
37.451760,-0.125666,-0.469268,0.000188
37.491568,-0.103878,-0.518628,-0.055415
37.521423,0.023884,-0.539622,-0.064533
37.561231,0.021546,-0.467276,0.019772
37.591086,-0.033744,-0.540446,-0.013433
37.620942,-0.019020,-0.456656,-0.044661
37.660750,0.012632,-0.323081,-0.049797
37.690605,-0.043346,-0.394076,0.008843
37.720461,-0.059411,-0.423342,0.041315
37.760268,-0.038256,-0.326214,0.045711
37.790124,-0.057360,-0.403315,-0.024412
37.819980,-0.143961,-0.414353,0.044793
37.859787,-0.125659,-0.325104,0.055222
37.889643,-0.011370,-0.288669,-0.021339
37.919498,-0.022319,-0.282580,-0.033426
37.959306,-0.099383,-0.202627,0.029592
37.989162,-0.058283,-0.174082,-0.003989
38.019017,0.032656,-0.191619,-0.044517
38.058825,-0.023258,-0.134064,-0.000883
38.088680,-0.120613,-0.146978,-0.040173
38.128488,-0.061949,-0.150556,0.053376
38.158343,0.019527,-0.127875,0.052418
38.188199,0.040125,-0.054851,0.022058
38.228007,-0.020231,-0.058415,0.056682
38.267820,0.054124,-0.033445,0.079161
38.287724,0.059951,-0.004391,0.103125
38.327531,0.070589,-0.034781,0.083289
38.357387,0.017102,-0.002839,-0.019301
38.387243,0.029255,0.050374,-0.134181
38.427050,0.047212,0.012712,-0.047068
38.456906,0.057577,0.044539,0.091971
38.496713,0.079091,0.192147,0.015141
38.526569,0.057527,0.167868,-0.025191
38.556424,0.091003,0.107450,-0.034327
38.596232,0.073736,0.228242,0.013246
38.626088,0.084763,0.229924,0.040024
38.655943,0.106688,0.172116,0.073360
38.695751,0.003357,0.227479,0.041338
38.725606,0.052489,0.218683,-0.000746
38.755462,0.065087,0.263924,0.037612
38.795269,0.010536,0.325138,-0.023473
38.825125,-0.035714,0.302327,-0.023538
38.854981,-0.058707,0.267932,0.063054
38.894788,0.028719,0.297017,0.088866
38.924644,0.055982,0.327486,-0.008691
38.954482,-0.040714,0.412248,0.014012
38.984337,-0.012844,0.391540,0.022569
39.024145,0.102492,0.375060,-0.058463
39.054000,-0.029621,0.465611,-0.027027
39.083856,-0.146348,0.484399,0.071103
39.123663,0.079905,0.467952,0.053091
39.153519,0.116719,0.493914,0.114367
39.183375,0.045079,0.534048,0.049189
39.223182,-0.060732,0.521781,-0.075936
39.253038,0.026542,0.443277,-0.023898
39.282893,0.122635,0.497666,0.031087
39.322701,0.082390,0.637152,-0.021405
39.352557,0.026667,0.591867,0.052558
39.392364,0.049121,0.593134,0.024702
39.422220,0.050702,0.653909,0.016736
39.452075,0.028344,0.672643,-0.005295
39.491883,0.018175,0.564847,-0.088131
39.521739,-0.089224,0.647890,-0.045385
39.551594,0.000679,0.649453,0.015640
39.591402,0.045016,0.645757,0.103531
39.621257,-0.053316,0.682700,0.069090
39.651113,0.095272,0.680681,-0.008032
39.690921,0.322806,0.787890,-0.002382
39.720776,0.234546,1.112489,-0.098123
39.750632,0.041944,0.950711,-0.319269
39.790439,-0.081493,0.087432,-0.105040
39.820295,-0.378484,0.359367,0.341058
39.850151,0.015787,0.608896,0.364060
39.889958,-0.029799,0.851977,-0.444028
39.919814,0.399213,0.999559,-0.372197
39.949669,0.746153,1.082956,0.071449
39.989477,0.025195,0.605994,0.273600
40.019333,-0.350326,0.743256,0.206450
40.059140,0.098653,0.651112,-0.405866
40.088996,-0.044542,0.744905,-0.088114
40.118851,0.026641,0.762386,0.215692
40.158659,0.218981,0.903086,0.331032
40.188514,0.135866,0.849514,0.149861
40.218370,-0.049029,0.798062,-0.119998
40.258178,0.035279,0.734868,-0.105846
40.288033,0.013887,0.714439,0.108327
40.317889,0.191215,0.723463,0.190337
40.357696,-0.005423,0.844720,0.076802
40.387552,0.136398,0.822544,-0.044129
40.417408,0.058625,0.877436,-0.024381
40.457216,0.036804,0.852016,0.014047
40.487072,0.102629,0.708297,0.021844
40.516927,0.046535,0.691705,0.016216
40.556735,-0.094624,0.771443,0.026689
40.586590,-0.017196,0.756716,0.068997
40.616446,0.122884,0.851597,0.096604
40.656253,0.031250,0.858441,0.061486
40.686109,0.038005,0.654290,0.003187
40.715965,-0.032836,0.691535,0.049028
40.755772,-0.020822,0.769739,0.045864
40.785628,0.001333,0.753830,-0.014131
40.825435,-0.027155,0.638294,0.124608
40.855291,0.078602,0.611888,0.046373
40.885146,0.063115,0.621470,-0.013842
40.924954,0.040188,0.666674,-0.004992
40.954810,0.045777,0.648713,0.016899
40.984665,-0.066287,0.584157,0.044066
41.024473,0.000371,0.630733,0.088226
41.054328,-0.037686,0.677478,0.065266
41.084184,-0.053612,0.516439,-0.020773
41.123991,-0.055738,0.565076,0.059670
41.153847,0.015159,0.622823,0.021346
41.183702,-0.083751,0.594981,-0.053511
41.223510,-0.069027,0.496018,0.036664
41.253365,-0.008570,0.420561,0.059849
41.283221,-0.076566,0.446297,0.071421
41.323029,-0.084699,0.427546,-0.020587
41.352884,-0.102707,0.471441,-0.086815
41.382740,-0.063935,0.495468,-0.098299
41.422546,0.035956,0.383784,-0.009931
41.452402,-0.020338,0.349386,0.028916
41.492209,-0.003409,0.446775,-0.029325
41.522065,0.077508,0.395351,-0.041188
41.551920,0.046803,0.335122,-0.010469
41.591728,-0.038350,0.362734,-0.034327
41.621583,0.042996,0.343277,-0.027700
41.651439,0.085115,0.269857,-0.001692
41.691246,-0.009465,0.238278,-0.012637
41.721102,0.058492,0.260685,-0.047204
41.750958,0.132404,0.268044,-0.020041
41.790765,0.066861,0.259596,0.006101
41.820621,0.052797,0.197875,0.004830
41.850476,0.020042,0.142371,-0.010641
41.890284,-0.014677,0.142349,0.069723
41.920139,-0.049295,0.152701,0.028039
41.949995,-0.066401,0.053253,0.009508
41.989802,-0.125172,0.011163,0.029910
42.019658,-0.030983,0.048634,0.045404
42.059465,-0.079084,0.033291,0.082448
42.089321,-0.221772,0.045958,-0.024850
42.119176,-0.056406,0.015445,-0.130817
42.158984,0.057749,0.003816,-0.058934
42.188839,0.043334,-0.017821,0.003646
42.218695,-0.088770,-0.022075,0.012275
42.262252,-0.003875,-0.080250,-0.070281
42.292108,-0.036667,-0.129808,-0.083967
42.321963,-0.040031,-0.135954,0.027328
42.361771,-0.080749,-0.189835,0.090053
42.391626,-0.049302,-0.235314,0.013278
42.421482,-0.066730,-0.147148,-0.044170
42.461289,0.017671,-0.201473,-0.089641
42.491145,0.038057,-0.219403,0.005474
42.521000,-0.056833,-0.164051,0.036318
42.560808,0.132372,-0.317124,-0.025595
42.590663,0.127936,-0.273358,-0.051318
42.620519,0.027245,-0.160878,0.005271
42.660326,0.158283,-0.327426,-0.045548
42.690182,0.142896,-0.350933,0.014728
42.729989,-0.047497,-0.256296,0.068812
42.759845,0.067575,-0.375824,0.003086
42.789700,0.126789,-0.479556,-0.000163
42.829508,-0.107582,-0.441821,0.128429
42.859363,-0.020334,-0.432882,0.079111
42.889219,0.059179,-0.487237,-0.023044
42.919074,-0.026265,-0.449458,0.018776
42.958864,-0.080756,-0.471985,0.026808
42.988719,0.011609,-0.513794,0.020963
43.018575,-0.021906,-0.513711,0.017745
43.058382,-0.186537,-0.442665,-0.025498
43.088238,-0.034001,-0.499650,0.019070
43.118093,0.102294,-0.676229,0.070307
43.157901,-0.145756,-0.587709,0.081764
43.187757,0.045839,-0.560405,-0.015023
43.217612,0.056370,-0.681882,0.087507
43.257419,-0.150586,-0.715527,0.158240
43.287275,-0.099208,-0.588660,0.042497
43.317131,-0.001216,-0.591600,-0.066983
43.356938,0.017850,-0.655368,-0.023509
43.386794,-0.085619,-0.688856,0.008470
43.416649,-0.027809,-0.656261,-0.043285
43.456457,0.032614,-0.658237,-0.063801
43.486312,-0.064469,-0.756325,-0.031690
43.526120,0.047087,-0.843718,0.034515
43.555975,0.072649,-0.847004,-0.003017
43.585831,-0.577587,-0.962657,-0.017098
43.625638,0.440002,-0.870204,-0.251551
43.655494,0.631113,-0.138331,-0.476074
43.685349,-0.920387,-0.224998,-0.099006
43.725157,0.546963,-0.899930,-0.150621
43.755012,0.631996,-1.244081,-0.291239
43.784868,-0.637288,-1.232029,0.364203
43.824675,0.105767,-0.654168,0.129512
43.854531,-0.026919,-0.523978,-0.124670
43.884386,-0.208251,-0.735910,0.118506
43.924194,0.166856,-0.612741,-0.148914
43.954049,-0.053555,-0.678381,-0.031896
43.983905,-0.070887,-0.871454,0.055091
44.023712,-0.207555,-0.998692,0.243079
44.053568,-0.018629,-0.925347,0.124326
44.083423,0.158087,-0.615612,-0.192915
44.123231,-0.149589,-0.550142,0.030021
44.153086,-0.158555,-0.855397,0.147042
44.192894,0.168677,-0.911748,-0.055637
44.222749,-0.024248,-0.901290,0.125568
44.252605,0.047993,-0.692531,0.021010
44.292412,-0.164391,-0.751047,0.043315
44.322268,0.046216,-0.792606,0.036136
44.352123,0.141560,-0.620502,0.019236
44.391931,-0.016389,-0.759569,0.035136
44.421786,-0.114791,-0.805407,0.091930
44.451642,0.029080,-0.791184,0.002734
44.491449,-0.033743,-0.785620,0.024450
44.521305,-0.091816,-0.759866,0.090872
44.551160,-0.071560,-0.623973,0.076202
44.590968,-0.007691,-0.724358,-0.064000
44.620823,-0.127682,-0.745988,-0.029730
44.650679,-0.131191,-0.698172,0.012674
44.690486,-0.103937,-0.689511,0.023292
44.720342,-0.010104,-0.698288,-0.015514
44.750197,-0.053708,-0.603179,0.051357
44.790005,-0.033761,-0.665653,-0.022466
44.819860,-0.041362,-0.638965,0.037716
44.849715,-0.073431,-0.574674,0.067615
44.889523,0.011034,-0.524295,-0.015410
44.929330,0.048061,-0.582231,0.009480
44.959186,-0.042762,-0.603761,0.128556
44.989041,-0.006346,-0.620761,0.009159
45.018897,0.005009,-0.528850,-0.041133
45.058704,-0.013930,-0.358256,0.069843
45.088560,-0.000493,-0.447229,0.066751
45.118415,0.003985,-0.430491,0.034073
45.158223,0.062374,-0.324660,0.071792
45.188078,0.079682,-0.453315,0.068796
45.217934,0.009269,-0.478673,-0.002991
45.257741,-0.036143,-0.355359,-0.000821
45.287596,-0.028675,-0.369701,-0.004926
45.317452,0.094195,-0.437610,-0.066804
45.357259,0.085962,-0.348303,-0.042347
45.387115,-0.361496,-0.288528,0.066662
45.416970,-0.112836,-0.438669,-0.085405
45.456778,-0.004344,-0.286751,-0.030858
45.486633,-0.019734,-0.180792,0.037065
45.516489,0.040086,-0.206096,0.059102
45.556296,-0.035549,-0.226086,0.087440
45.586152,-0.157097,-0.138259,0.134002
45.625959,-0.201041,-0.165548,0.164400
45.655814,-0.039866,-0.219591,0.053250
45.685670,-0.047181,-0.199224,-0.015604
45.725477,-0.131794,-0.189314,-0.039825
45.755333,-0.104178,-0.149091,0.006016
45.785188,-0.082032,-0.068961,0.020118
45.824996,-0.083934,-0.120544,-0.086607
45.854851,-0.054236,-0.032750,-0.086101
45.884707,0.001532,0.040567,-0.075418
45.924514,0.026845,-0.021539,-0.040390
45.954369,0.046022,-0.019781,-0.059327
45.984225,0.005259,0.067185,-0.063259
46.024032,0.074001,0.012691,-0.123189
46.053888,-0.018916,0.025611,-0.014789
46.083743,0.016039,0.135510,-0.002358
46.123550,0.153773,0.185199,-0.045198
46.153406,0.087591,0.109201,0.006519
46.183261,-0.018266,0.194561,0.093554
46.223069,0.056388,0.173979,-0.075266
46.267870,0.006475,0.179449,0.005475
46.287774,-0.015902,0.252208,0.046501
46.327581,0.032985,0.312560,-0.077709
46.357436,-0.029789,0.221904,-0.036758
46.387292,-0.029709,0.253011,0.048308
46.427100,0.021412,0.308705,0.025108
46.456956,-0.017064,0.385099,0.017314
46.486811,0.050215,0.376333,0.062424
46.526618,-0.082134,0.309879,0.022636
46.556474,0.001871,0.323152,-0.019860
46.596281,0.042745,0.448394,0.011965
46.626137,-0.024207,0.321368,0.031677
46.655992,-0.036954,0.226641,0.006963
46.695800,0.041378,0.424254,-0.036150
46.725655,0.118553,0.501607,-0.034765
46.755510,-0.003256,0.601993,-0.089693
46.795318,0.118193,0.520726,-0.125826
46.825173,0.090112,0.527149,-0.014124
46.855029,0.057589,0.491764,0.017528
46.894836,0.106016,0.554449,-0.037775
46.924692,0.046143,0.582335,-0.013746
46.954547,0.054997,0.569844,-0.048644
46.994354,0.082597,0.614514,-0.032732
47.024210,0.073910,0.729003,-0.007369
47.054065,0.066875,0.629655,0.008396
47.093873,0.076426,0.564067,-0.017444
47.123728,0.147816,0.620530,-0.015390
47.153584,0.026360,0.718369,0.031081
47.193391,0.122894,0.666991,0.023942
47.223247,0.061988,0.780423,-0.041849
47.263054,0.084939,0.745241,-0.016526
47.292909,0.082423,0.884908,-0.014994
47.322765,-0.087249,1.069716,0.039916
47.362572,0.516672,0.438694,-0.309496
47.392428,0.020614,0.187217,0.205154
47.422283,-0.944213,0.153697,0.715799
47.462090,0.321928,0.826681,-0.423462
47.491945,0.339318,1.347732,-0.954533
47.521801,-0.106399,1.324996,-0.085767
47.561608,0.310352,0.720099,0.278673
47.591463,0.074894,0.500461,0.179577
47.621319,0.270798,0.545337,-0.188993
47.661126,0.262838,0.788899,-0.136515
47.690982,-0.160235,0.784499,0.197303
47.720837,0.135300,0.666381,0.177150
47.760645,0.119869,0.990005,-0.033829
47.790500,-0.151918,0.991748,-0.010949
47.820356,0.068879,0.846391,-0.105362
47.860163,0.100201,0.651002,-0.087271
47.890018,-0.103920,0.588846,0.210849
47.929826,0.453041,0.831472,0.373371
47.959681,-0.319909,0.746357,0.201163
47.989537,0.321611,0.840880,-0.229140
48.029344,0.001826,0.925244,-0.124160
48.059199,0.022527,0.705267,0.046971
48.089055,-0.023787,0.799243,0.042970
48.128862,0.096429,0.767622,-0.110239
48.158718,0.027597,0.751913,-0.028483
48.188573,-0.102660,0.710823,0.075759
48.228381,0.032242,0.787939,0.097817
48.258236,0.089016,0.725863,0.043802
48.288092,0.020384,0.733163,0.007176
48.327899,-0.014240,0.680120,-0.014405
48.357754,0.067257,0.635003,0.000923
48.387610,0.039740,0.707155,0.013707
48.427417,0.072463,0.692103,0.004862
48.457273,0.073242,0.660787,-0.042618
48.487128,0.004794,0.687798,0.012556
48.526935,0.028826,0.661289,-0.035173
48.556791,0.089130,0.643510,-0.015466
48.586646,0.005020,0.607690,0.041554
48.626454,-0.092538,0.550614,0.074851
48.656309,-0.017418,0.528700,-0.027408
48.696116,0.005049,0.590229,-0.000185
48.725972,-0.015261,0.597179,0.049517
48.755827,0.059884,0.544811,0.023722
48.795635,0.016626,0.539331,0.022982
48.825490,-0.037089,0.509005,-0.042102
48.855346,0.025264,0.467628,-0.050310
48.895153,-0.010790,0.519800,-0.041375
48.925008,0.012849,0.469497,-0.027805
48.954864,0.032224,0.423109,0.012337
48.994671,0.000773,0.450378,0.026485
49.024527,0.060889,0.412638,-0.002204
49.054382,0.091054,0.372468,0.023998
49.094189,0.070699,0.398025,0.007819
49.124045,0.025497,0.413120,-0.040578
49.153900,0.064317,0.356348,-0.076648
49.193708,0.054858,0.348614,-0.003969
49.223563,-0.015838,0.344412,0.027725
49.253419,0.034615,0.263302,-0.039138
49.293226,0.036169,0.175751,0.002173
49.323081,-0.073462,0.230667,0.010321
49.362888,-0.023004,0.268532,-0.124769
49.392744,-0.068830,0.290731,-0.100573
49.422599,-0.036455,0.213702,0.002920
49.462407,0.086921,0.165505,0.052563
49.492262,0.023123,0.263152,-0.073782
49.522118,-0.177870,0.305011,-0.108284
49.561925,-0.030455,0.005367,-0.043520
49.591780,-0.009849,-0.063446,0.025265
49.621636,-0.006126,0.002925,0.101517
49.661443,-0.066123,0.086381,0.156823
49.691298,-0.080993,0.013650,0.124322
49.721154,-0.003987,-0.022254,0.052268
49.760961,-0.059745,0.045989,0.014441
49.790817,-0.071500,0.007920,-0.005852
49.820672,-0.078843,-0.016356,0.047536
49.860479,-0.021554,-0.049481,-0.014341
49.890335,-0.043762,-0.102111,-0.101504
49.920190,-0.111282,-0.152792,-0.071805
49.959997,-0.073773,-0.229875,0.073220
49.989853,-0.039956,-0.204744,0.074175
50.029660,-0.024172,-0.191071,-0.035923
50.059516,0.000373,-0.149487,0.029174
50.089371,0.049370,-0.199147,0.103818
50.129178,0.124114,-0.274562,0.014225
50.159034,0.084537,-0.234388,-0.012207
50.188889,0.058797,-0.203765,0.014527
50.228696,0.125730,-0.256174,-0.067617
50.268504,0.105267,-0.266479,0.013670
50.288407,0.006500,-0.275764,0.031156
50.328214,-0.000077,-0.397360,0.011655
50.358070,0.101108,-0.398065,0.005285
50.387925,0.049884,-0.344128,0.110382
50.427733,-0.033601,-0.352124,0.123685
50.457589,0.070596,-0.444173,0.012958
50.487444,0.021769,-0.463962,0.040098
50.527252,-0.037941,-0.430068,0.009872
50.557107,0.085875,-0.445669,-0.062145
50.586962,0.024214,-0.509867,0.012055
50.626770,-0.065361,-0.470904,0.014424
50.656625,0.002672,-0.547169,-0.011068
50.696432,-0.039523,-0.660672,-0.051771
50.726288,-0.163862,-0.678829,-0.017989
50.756143,-0.209446,-0.566987,-0.016960
50.795950,0.015273,-0.540283,0.062241
50.825806,-0.042755,-0.663663,0.120960
50.855661,-0.128384,-0.549521,0.129060
50.895469,0.010388,-0.634710,0.083840
50.925318,0.001579,-0.728420,0.019230
50.955173,0.065044,-0.640575,-0.014679
50.994981,0.042618,-0.620451,0.002880
51.024836,-0.001783,-0.685807,0.083263
51.054691,0.064200,-0.693148,0.064021
51.094499,0.075230,-0.680659,0.015051
51.124354,0.138088,-0.784580,0.042799
51.154210,-0.020690,-1.075869,-0.082792
51.194017,-0.410813,-1.100942,-0.147191
51.223872,0.497981,-0.516572,-0.401606
51.253728,0.306061,-0.125364,0.093913
51.293535,-0.669992,-0.333267,0.534786
51.323391,0.846480,-1.011183,-0.330287
51.353246,0.506889,-1.143279,-0.484176
51.393053,-0.433686,-1.400323,0.159910
51.422909,0.451476,-0.817111,-0.378184
51.452762,0.022370,-0.411084,0.035578
51.492569,0.120651,-0.495616,0.194532
51.522425,0.232461,-0.489845,-0.275663
51.552280,-0.124618,-0.808050,-0.279230
51.592088,0.093775,-1.313040,0.255366
51.621943,-0.204226,-0.987814,0.372179
51.661750,-0.024321,-0.527453,-0.035489
51.691606,-0.020629,-0.654401,-0.247281
51.721461,-0.081682,-0.772999,-0.109795
51.761269,-0.100653,-0.873846,0.024268
51.791124,0.022810,-0.821347,0.145484
51.820979,-0.050511,-0.765603,0.149510
51.860787,0.101611,-0.835638,-0.054418
51.890642,-0.186673,-0.754864,-0.028790
51.920498,-0.150362,-0.834915,0.050664
51.960305,0.075550,-0.755131,-0.160699
51.990160,-0.029184,-0.743793,-0.017354
52.020016,-0.070384,-0.764203,0.019857
52.059823,-0.138876,-0.762047,-0.008831
52.089679,-0.068871,-0.778083,0.047274
52.119534,-0.136008,-0.660386,0.077171
52.159341,-0.104816,-0.665218,-0.076712
52.189197,-0.005846,-0.757445,-0.072988
52.219052,-0.056258,-0.722695,0.071407
52.258860,-0.205762,-0.638651,0.096553
52.288715,0.052161,-0.658124,-0.071119
52.328523,-0.009564,-0.588191,-0.026855
52.358378,-0.222797,-0.664791,0.069296
52.388233,-0.166960,-0.690770,0.047355
52.428041,-0.046546,-0.599018,-0.004294
52.457897,-0.138534,-0.528750,0.030905
52.487753,-0.049422,-0.555391,0.004299
52.527560,0.044866,-0.567273,0.052667
52.557415,-0.047333,-0.538544,0.108997
52.587271,-0.055806,-0.534289,-0.014430
52.627078,0.058844,-0.566363,-0.068716
52.656934,0.013484,-0.508990,0.043174
52.686789,-0.137684,-0.458127,0.044472
52.726597,-0.048035,-0.500426,-0.045787
52.756452,0.050415,-0.457337,-0.030046
52.786307,0.070841,-0.389471,0.055111
52.826115,-0.009636,-0.442478,0.004225
52.855970,0.012871,-0.411040,-0.017962
52.885826,0.023061,-0.397357,0.034132
52.925633,0.108938,-0.409478,-0.006181
52.955488,0.021026,-0.382068,-0.043698
52.985344,-0.048509,-0.381710,-0.073558
53.025151,-0.118367,-0.262510,-0.017099
53.055007,-0.040956,-0.250985,-0.033103
53.094814,-0.005570,-0.275259,0.022529
53.124669,-0.056022,-0.262926,0.004737
53.154525,0.076876,-0.277939,-0.146561
53.194332,-0.069160,-0.140909,0.001947
53.224188,-0.021002,-0.163746,0.056650
53.254043,0.070247,-0.233672,0.001381
53.293850,-0.191511,-0.071809,0.073252
53.323706,-0.181118,-0.001254,0.033207
53.353561,-0.097631,-0.150502,-0.030677
53.393368,-0.115817,-0.232815,-0.025020
53.423224,-0.147781,-0.017864,0.059040
53.453079,0.019997,-0.023538,-0.021833
53.492887,-0.013363,-0.056266,0.034342
53.522742,-0.036141,0.053274,0.073479
53.552598,0.062690,0.085777,0.015238
53.592405,0.118854,0.052895,0.003018
53.622260,-0.016018,0.077080,0.048146
53.652116,0.099952,0.054690,0.003084
53.691923,0.113435,0.164620,-0.032921
53.721778,-0.017038,0.213937,-0.055628
53.761586,0.089846,0.046337,-0.058954
53.791441,0.103910,0.127124,-0.052321
53.821297,0.020667,0.289777,0.001437
53.861104,0.005033,0.232467,0.004971
53.890959,0.116024,0.164013,-0.036403
53.920815,0.032726,0.292764,-0.034840
53.960622,0.073496,0.346837,-0.021635
53.990477,0.108704,0.293500,0.078485
54.020333,0.045390,0.242331,0.036054
54.060140,-0.006889,0.253544,0.065515
54.089995,0.071017,0.266848,0.021275
54.119851,-0.019954,0.296589,0.039782
54.159658,-0.137100,0.462684,0.042578
54.189514,0.065871,0.384027,-0.129947
54.219369,0.111374,0.416966,-0.060136
54.259176,0.038020,0.415289,0.121440
54.289032,0.126261,0.367578,0.032088
54.318887,0.183929,0.454727,-0.096567
54.358694,0.170079,0.645920,-0.082888
54.388550,0.106222,0.521596,0.011537
54.428357,0.056004,0.583188,-0.053178
54.458212,0.157705,0.696695,-0.105023
54.488068,0.142493,0.568919,0.060753
54.527875,-0.001386,0.446951,0.149373
54.557730,-0.060933,0.556026,0.047475
54.587586,-0.011499,0.609853,-0.024248
54.627393,0.010412,0.616351,0.087498
54.657248,-0.051079,0.597390,0.084717
54.687104,0.067199,0.589379,-0.054879
54.726911,0.056630,0.732110,-0.087535
54.756766,0.070548,0.668161,0.000148
54.786622,0.025303,0.661590,0.084695
54.826429,0.094088,0.644947,-0.064360
54.856285,0.109712,0.701245,-0.038996
54.886140,0.067329,0.922525,0.029285
54.925947,0.015526,0.945073,0.135005
54.955803,0.662746,0.512224,-0.394197
54.985658,-0.139791,0.405999,-0.019016
55.025465,-0.406304,-0.196077,0.731933
55.055321,0.354010,0.863762,-0.376889
55.095128,0.087852,1.476690,-0.845156
55.124983,-0.084757,1.060978,0.176475
55.154839,0.235809,0.840437,0.494186
55.194646,-0.019201,0.555551,0.105631
55.224501,0.374344,0.584940,-0.137181
55.254357,0.194086,0.654703,-0.192588
55.294164,-0.055200,0.691021,0.238910
55.324019,-0.016629,0.794423,0.195041
55.353874,-0.033884,0.981498,-0.009612
55.393682,-0.055354,0.821350,-0.225834
55.423537,0.174756,0.762232,0.028438
55.453392,0.338953,0.567272,-0.075167
55.493200,0.022175,0.717150,0.144727
55.523055,0.037341,0.822628,0.177036
55.552910,0.357260,0.867403,-0.028461
55.592718,0.439762,0.989287,-0.029578
55.622573,-0.300159,0.836879,0.133901
55.652428,0.348119,0.599123,-0.089276
55.692236,0.086819,0.794855,0.002806
55.722091,-0.072283,0.690257,0.068434
55.751946,0.083404,0.752668,0.059049
55.791753,0.103933,0.725265,0.101123
55.821609,0.028879,0.780319,0.100948
55.861416,0.070276,0.748068,0.019405
55.891271,0.054678,0.655016,0.063746
55.921127,0.022720,0.749138,0.075174
55.960934,0.085565,0.679858,-0.021280
55.990789,-0.041236,0.697017,-0.004100
56.020645,-0.284054,0.704309,0.108638
56.060452,-0.047808,0.646525,0.045479
56.090307,0.085933,0.622663,-0.005079
56.120163,-0.079136,0.673666,0.049239
56.159970,0.052854,0.588183,-0.028367
56.189825,-0.024837,0.652161,0.017854
56.219680,-0.107453,0.548897,0.114046
56.259488,-0.045695,0.526299,-0.035676
56.289343,-0.026605,0.595551,-0.041369
56.319198,-0.031548,0.548120,0.079087
56.359005,-0.056090,0.588409,0.005591
56.388861,0.088865,0.543248,-0.095187
56.428668,0.014097,0.497368,0.047400
56.458523,-0.064011,0.509896,0.052721
56.488379,0.006440,0.459221,-0.078190
56.528186,0.077497,0.478965,-0.024270
56.558041,-0.017276,0.496583,0.090062
56.587896,-0.020761,0.396344,0.024170
56.627704,0.063810,0.363769,-0.012055
56.657559,0.002946,0.443306,0.047543
56.687414,-0.023979,0.425763,-0.054100
56.727221,0.111820,0.341320,-0.038019
56.757077,0.026624,0.371906,0.085317
56.786932,-0.005955,0.340924,0.077720
56.826739,0.011705,0.287010,-0.126815
56.856595,-0.042795,0.270639,-0.107522
56.886450,-0.058506,0.263681,0.033410
56.926257,-0.008113,0.206687,0.026244
56.956112,0.016322,0.258894,-0.022838
56.985968,0.017615,0.338724,-0.045181
57.025775,0.080038,0.201235,-0.019661
57.055630,0.141157,0.131263,-0.026845
57.085486,0.022917,0.157170,0.018376
57.125293,-0.020102,0.141958,0.001409
57.155148,0.090502,0.036849,-0.004964
57.194955,-0.066892,0.004647,0.074506
57.224810,-0.091357,-0.001623,0.055766
57.254666,0.007831,0.001780,0.032410
57.294473,-0.130577,0.097659,-0.008833
57.324328,-0.160429,-0.016825,-0.084591
57.354183,-0.095434,-0.121552,-0.070135
57.393991,-0.024324,-0.004576,-0.034965
57.423846,-0.034457,-0.032578,0.017136
57.453701,0.025408,-0.089416,0.044331
57.493508,-0.046927,-0.039901,0.069296
57.523364,-0.046213,-0.115200,0.059058
57.553219,0.024338,-0.186474,0.081206
57.593026,-0.040796,-0.188689,0.025070
57.622881,-0.060129,-0.218468,0.037052
57.652737,-0.007033,-0.265648,0.033930
57.692544,-0.088350,-0.143211,0.005769
57.722399,-0.021158,-0.153746,-0.012263
57.752254,0.047241,-0.191753,0.056280
57.792062,-0.056580,-0.112088,0.032246
57.821917,0.044310,-0.226657,-0.097595
57.861724,0.087336,-0.226020,0.040532
57.891579,-0.058247,-0.221363,0.102818
57.921435,-0.072101,-0.433415,0.012578
57.961242,-0.045406,-0.411124,0.009914
57.991097,-0.064171,-0.355910,0.004177
58.020952,0.093044,-0.302397,0.015076
58.060759,0.123148,-0.446680,0.060453
58.090615,0.016173,-0.494922,-0.019898
58.120470,-0.023981,-0.492477,0.006368
58.160277,0.027296,-0.516713,0.093341
58.190132,0.008046,-0.570058,0.008251
58.219988,-0.034303,-0.526570,-0.016032
58.259795,0.020811,-0.531600,0.057563
58.289650,-0.023955,-0.533205,0.086471
58.319505,0.030601,-0.566246,-0.022449
58.359312,-0.011939,-0.614905,-0.044218
58.389168,-0.057210,-0.604670,-0.015734
58.419023,-0.036194,-0.665752,0.008023
58.458830,-0.039698,-0.573453,0.023712
58.488685,-0.027774,-0.609469,0.042840
58.528492,0.011243,-0.676553,-0.016050
58.558348,-0.019290,-0.649007,0.023838
58.588203,-0.009553,-0.706701,0.000244
58.628010,-0.027785,-0.697644,-0.004790
58.657865,-0.055311,-0.660270,0.050767
58.687721,0.012134,-0.686406,-0.031956
58.727528,0.232575,-0.803755,-0.045159
58.757383,-0.309406,-1.099055,-0.048572
58.787238,-0.631868,-1.063980,0.164603
58.827045,0.930039,-0.260629,-0.446949
58.856901,-0.171605,-0.174535,0.018718
58.886756,-0.956830,-0.368262,0.416812
58.926563,1.121551,-0.886635,-0.721124
58.956418,0.029072,-1.216998,-0.109671
58.986274,-0.598976,-1.554672,0.568796
59.026081,0.378612,-0.481327,-0.121736
59.055936,-0.389170,-0.355101,-0.134222
59.085791,-0.328293,-0.564574,0.017310
59.125598,-0.057873,-0.611199,-0.351905
59.155454,-0.179872,-0.853903,-0.015812
59.195261,-0.166826,-0.971874,0.302806
59.225116,-0.269642,-1.126738,0.371804
59.254971,-0.111381,-0.870346,0.069931
59.294778,0.001729,-0.580274,-0.324550
59.324634,-0.165628,-0.646790,0.023381
59.354489,0.061191,-0.815529,0.128006
59.394296,-0.062522,-0.840519,0.076204
59.424151,-0.149153,-0.789094,0.026136
59.454007,0.122750,-0.729489,-0.072437
59.493814,-0.050028,-0.846260,0.113911
59.523670,-0.106672,-0.809694,0.208304
59.553525,0.022973,-0.728747,-0.049808
59.593332,-0.085424,-0.738935,0.096844
59.623187,-0.079350,-0.739683,0.085073
59.653043,0.014021,-0.713314,-0.074950
59.692850,-0.029757,-0.818602,0.010113
59.722705,-0.191622,-0.665388,0.135573
59.752560,-0.029365,-0.561430,-0.018075
59.792367,0.114044,-0.696331,-0.044855
59.822223,-0.107669,-0.762717,0.149168
59.862030,-0.243306,-0.661925,0.168206
59.891885,0.066974,-0.641724,-0.135335
59.921740,0.079598,-0.599253,-0.083568
59.961547,-0.260078,-0.569811,0.175327
59.991402,-0.092132,-0.645717,0.005668
60.021258,0.094674,-0.567368,-0.067611
60.061065,-0.070008,-0.458526,0.156322
60.090920,-0.052266,-0.283063,0.126832
60.120775,-0.054710,-0.406455,-0.015439
60.160582,-0.138430,-0.656612,0.024321
60.190437,-0.166027,-0.514907,0.135153
60.220293,-0.049267,-0.509544,-0.017132
60.260100,0.002219,-0.575700,-0.065304
60.289955,-0.054500,-0.451571,0.071820
60.319810,-0.123001,-0.539922,0.038294
60.359617,0.063433,-0.584493,-0.043638
60.389472,0.048528,-0.418055,0.102610
60.419328,-0.031779,-0.354460,0.106028
60.459135,-0.073893,-0.496515,-0.053697
60.488990,-0.061840,-0.440623,-0.009956
60.518845,-0.053213,-0.321554,0.046539
60.558652,-0.015679,-0.383676,0.024324
60.588507,0.104761,-0.405888,0.029674
60.628314,-0.094383,-0.248873,0.107267
60.658170,-0.220041,-0.340874,-0.065565
60.688025,-0.098903,-0.451709,-0.125975
60.727832,-0.154975,-0.152466,0.087919
60.757687,-0.129464,-0.103794,0.049802
60.787542,-0.004005,-0.200981,-0.091885
60.827349,0.052398,-0.153112,-0.091491
60.857205,-0.015279,-0.147535,0.036047
60.887060,-0.087661,-0.150220,0.066709
60.926867,-0.019463,-0.194475,-0.059385
60.956722,-0.012158,-0.049428,-0.053857
60.986577,-0.091623,0.002624,-0.004433
61.026384,-0.059115,-0.093419,-0.015118
61.056240,0.016908,-0.092122,-0.032440
61.086095,0.054638,-0.034449,0.014310
61.125902,0.072443,0.001142,0.039061
61.155757,0.023494,0.020235,0.007359
61.185612,0.036566,0.078558,0.004217
61.225419,0.106625,-0.007506,-0.002208
61.255275,0.123871,0.109975,0.028140
61.285130,0.010663,0.217995,-0.014697
61.324937,0.077030,0.106186,-0.044626
61.354792,0.145119,0.093543,0.008567
61.394599,0.016499,0.252763,0.002166
61.424454,0.086978,0.225808,-0.023363
61.454308,0.169433,0.211381,-0.012034
61.494115,0.026023,0.285875,0.072466
61.523971,-0.037911,0.239505,0.005621
61.553826,0.012929,0.252083,-0.025870
61.593633,-0.026361,0.274338,0.048104
61.623488,0.011774,0.270394,-0.016330
61.653343,0.054929,0.345027,-0.021545
61.693150,-0.016815,0.388889,-0.002872
61.723005,0.006660,0.375945,-0.065533
61.752861,0.066149,0.378201,-0.039719
61.792668,0.057163,0.446204,0.000355
61.822523,0.092529,0.387097,0.027048
61.852378,0.111123,0.384902,0.040854
61.892185,0.066834,0.466644,-0.018175
61.922040,0.069690,0.472106,-0.081435
61.961847,0.073476,0.517208,-0.034920
61.991702,0.087954,0.533194,0.016088
62.021558,0.148608,0.543353,-0.022440
62.061365,0.090754,0.543696,-0.010967
62.091220,0.125450,0.559060,-0.029316
62.121075,0.060974,0.592573,-0.058376
62.160882,0.111257,0.549147,0.010838
62.190737,0.034965,0.596203,0.029097
62.220593,0.098074,0.624023,-0.003392
62.260399,0.090734,0.624716,-0.043680
62.290255,0.022783,0.608095,0.006625
62.320110,0.020080,0.663104,0.004556
62.359917,0.055501,0.641310,-0.028848
62.389772,0.014957,0.651299,0.007927
62.419627,0.099560,0.684765,-0.003060
62.459434,0.123123,0.718848,-0.066201
62.489289,0.112034,0.992259,0.000593
62.519145,0.085942,1.154620,0.028653
62.558952,0.595614,0.366237,-0.400181
62.588807,-0.515432,-0.208189,0.237939
62.618662,-0.080888,-0.314330,0.434165
62.658469,0.215953,1.208775,-0.708700
62.688324,-0.294214,1.378579,-0.365592
62.728131,0.427847,1.103453,0.221098
62.757986,0.207452,0.964768,-0.047119
62.787842,-0.273389,0.744581,-0.014767
62.827649,0.219220,0.485125,-0.168134
62.857504,0.168706,0.358549,-0.238841
62.887359,-0.142630,0.416354,0.185066
62.927166,0.270316,0.942971,0.099874
62.957021,0.141071,1.157757,0.088187
62.986876,-0.202185,0.951541,0.012806
63.026683,0.036034,0.716120,-0.129992
63.056538,0.216849,0.521904,0.005140
63.086394,0.213138,0.437431,0.087387
63.126201,0.230593,0.712592,0.081688
63.156056,0.102332,0.913590,-0.034304
63.185911,0.146639,0.916028,-0.215414
63.225718,0.024525,0.823452,-0.087876
63.255573,0.022576,0.633648,0.053772
63.285428,0.113151,0.578627,0.048765
63.325235,0.028621,0.713859,0.123898
63.355090,0.032993,0.729455,-0.012847
63.394897,0.125627,0.632594,-0.069388
63.424753,0.044153,0.635921,0.051237
63.454608,0.051896,0.684771,-0.022382
63.494415,0.157176,0.706437,-0.060916
63.524270,0.052577,0.708011,0.031697
63.554125,0.057426,0.659698,0.030850
63.593932,0.095627,0.594885,0.015367
63.623787,0.119735,0.630947,0.031026
63.653642,0.036724,0.682983,0.095786
63.693449,0.122720,0.651218,-0.037967
63.723304,0.167992,0.507508,-0.090588
63.753160,-0.054060,0.499185,0.082192
63.792967,0.078489,0.521274,-0.007666
63.822822,0.104494,0.547493,-0.118639
63.852677,-0.005508,0.540846,0.043169
63.892484,-0.061556,0.538851,0.107292
63.922339,0.024199,0.448028,-0.077001
63.952194,0.021266,0.386305,-0.076923
63.992001,-0.054193,0.481837,0.111818
64.021856,-0.028432,0.402927,0.007402
64.061663,0.027546,0.385321,-0.042451
64.091518,-0.089208,0.454656,0.065640
64.121374,-0.031047,0.424606,-0.001140
64.161181,0.029946,0.363197,-0.029638
64.191036,-0.054486,0.389834,0.074075
64.220891,-0.031442,0.392609,0.086621
64.260698,-0.015085,0.296221,0.000139
64.290553,0.011326,0.291540,-0.040295
64.320408,0.044077,0.326670,-0.024438
64.360215,0.037838,0.346310,-0.017186
64.390070,0.091619,0.256060,-0.058895
64.419925,0.161734,0.248949,-0.032813
64.459732,0.013598,0.312021,0.019182
64.489588,0.214801,0.261574,-0.146107
64.519443,0.096763,0.090606,-0.032369
64.559250,0.133844,0.285814,0.183714
64.589105,0.157647,0.126823,0.000242
64.618960,0.120606,0.092465,-0.050492
64.658767,-0.009425,0.194506,0.117326
64.688622,0.030081,0.153770,-0.010563
64.728429,0.157525,0.103939,-0.082692
64.758284,0.033096,0.065883,-0.005660
64.788139,0.002958,0.020510,-0.022858
64.827946,0.120143,0.010209,-0.022418
64.857801,-0.018704,0.011214,0.046992
64.887657,-0.081859,0.101970,0.048067
64.927464,0.037341,-0.079385,-0.010304
64.957319,-0.012751,-0.040922,0.052475
64.987174,-0.119913,-0.021146,0.026060
65.026981,-0.025387,-0.155950,0.003325
65.056836,-0.043990,-0.073729,0.050756
65.086691,-0.129887,-0.085029,-0.007338
65.126498,0.005964,-0.152734,-0.010126
65.156354,-0.042214,-0.143115,0.018199
65.186209,-0.155296,-0.156903,0.023238
65.226016,0.022558,-0.242498,0.005925
65.255871,-0.032543,-0.231733,0.035394
65.285726,-0.115090,-0.194552,0.049069
65.325533,0.111136,-0.249938,-0.040130
65.355388,0.037788,-0.188775,0.071193
65.385243,-0.029523,-0.239670,0.065330
65.425050,0.109625,-0.409417,-0.024552
65.454907,0.040080,-0.398292,-0.015298
65.494714,-0.012967,-0.254609,0.043565
65.524569,0.087185,-0.360525,-0.038221
65.554424,0.100480,-0.353946,0.018509
65.594231,-0.012246,-0.393713,0.065573
65.624086,0.017927,-0.437809,0.024786
65.653942,0.053238,-0.391481,-0.016095
65.693749,0.038459,-0.426466,0.021134
65.723604,0.001197,-0.455954,-0.037453
65.753459,-0.016574,-0.472958,-0.080350
65.793266,0.003977,-0.446125,-0.044819
65.823121,-0.003996,-0.410217,0.013018
65.852976,-0.060624,-0.496159,0.017777
65.892783,-0.026758,-0.530076,0.019890
65.922639,-0.011192,-0.547625,0.055079
65.952494,-0.050231,-0.527405,0.055866
65.992301,-0.003599,-0.603488,-0.019818
66.022156,-0.007779,-0.564717,0.015287
66.061963,-0.080867,-0.525621,-0.002059
66.091818,-0.002259,-0.590899,-0.082930
66.121674,-0.011213,-0.621616,0.030201
66.161481,-0.083016,-0.607423,0.058919
66.191336,-0.024355,-0.652914,-0.025128
66.221191,0.098208,-0.711567,0.010612
66.260998,-0.416452,-0.816796,0.110510
66.290853,0.146707,-0.395802,-0.037796
66.320709,0.406315,-0.093292,-0.174911
66.360516,-0.605072,-0.592921,0.231277
66.390371,0.187161,-0.724060,-0.061386
66.420226,0.579321,-0.443702,-0.266362
66.460032,-0.435388,-1.261317,0.227032
66.489887,0.067044,-1.045424,-0.088037
66.519742,0.248317,-0.585191,-0.257254
66.559549,-0.548611,-0.714845,0.476576
66.589405,-0.200716,-0.162379,0.298566
66.619260,0.551419,-0.132657,-0.751307
66.659067,-0.333139,-1.016320,0.210347
66.688922,-0.808125,-1.481634,0.269378
66.728729,0.258566,-0.648788,0.061914
66.758584,0.298528,-0.453556,-0.121564
66.788440,-0.097048,-0.470400,-0.047710
66.828247,-0.093560,-0.392566,0.061054
66.858102,0.091005,-0.699920,-0.056627
66.887957,-0.089282,-0.812028,0.122149
66.927764,0.012052,-0.487741,0.321936
66.957619,0.205181,-0.509590,-0.186697
66.987475,-0.059102,-0.662462,-0.063761
67.027282,-0.050658,-0.748139,0.212779
67.057137,0.032489,-0.506356,-0.055931
67.086992,-0.028727,-0.613455,-0.146059
67.126799,-0.084565,-0.499304,0.195991
67.156654,0.025274,-0.504802,-0.026473
67.186510,0.093002,-0.680328,-0.189127
67.226317,-0.158516,-0.664147,0.205745
67.256172,0.014242,-0.456070,0.114316
67.286027,0.138383,-0.417305,-0.219827
67.325834,-0.162474,-0.609384,0.096167
67.355689,-0.054234,-0.573069,0.174116
67.395496,0.023267,-0.539024,-0.148440
67.425351,-0.045128,-0.552645,-0.012662
67.455207,-0.067548,-0.508681,0.097296
67.495014,0.042926,-0.410853,-0.041759
67.524869,-0.009059,-0.494683,-0.033907
67.554724,-0.055449,-0.528088,0.097935
67.594531,-0.085659,-0.496617,-0.002690
67.624386,-0.037618,-0.512338,-0.048027
67.654242,-0.021917,-0.482741,0.052592
67.694049,-0.118271,-0.343140,-0.009566
67.723904,-0.033921,-0.411181,-0.065080
67.753759,0.007751,-0.373092,0.002461
67.793566,-0.023053,-0.322948,0.024709
67.823421,0.043476,-0.399545,-0.000828
67.853276,0.079728,-0.360581,-0.008853
67.893083,0.032434,-0.316251,-0.016980
67.922939,0.039956,-0.389426,-0.019892
67.952794,0.014673,-0.307644,0.005306
67.992601,0.003669,-0.219346,-0.038111
68.022456,0.048483,-0.268438,-0.015267
68.062263,-0.156342,-0.249624,0.085171
68.092118,-0.215879,-0.201206,0.003662
68.121974,-0.030575,-0.255814,0.002102
68.161780,-0.063608,-0.185429,0.069253
68.191636,-0.082590,-0.190987,0.001991
68.221491,0.040275,-0.194873,-0.008972
68.261298,-0.044332,-0.160092,0.051514
68.291153,-0.063669,-0.136767,0.000733
68.321008,0.008032,-0.166138,-0.048460
68.360815,-0.000873,-0.105082,0.006984
68.390670,-0.052347,-0.060924,0.028209
68.420526,0.042444,-0.137945,-0.031791
68.460333,-0.003146,-0.046300,-0.001785
68.490188,-0.060565,-0.018775,-0.000915
68.520043,0.010645,-0.060402,-0.010395
68.559850,0.028706,-0.021528,0.023115
68.589705,-0.054141,0.042436,0.038533
68.619560,-0.012721,-0.004460,0.007706
68.659367,0.051949,0.009978,0.017417
68.689223,-0.008146,0.107130,0.036855
68.729030,-0.033382,0.076734,-0.012946
68.758885,0.026168,0.044050,-0.078646
68.788740,0.008725,0.132222,0.008116
68.828547,-0.015984,0.122395,0.000864
68.858402,0.065553,0.055171,-0.059436
68.888257,0.013800,0.132668,-0.017996
68.928064,-0.063871,0.174750,-0.030573
68.957919,0.071597,0.127193,-0.070572
68.987775,0.045187,0.192782,0.010026
69.027582,-0.015894,0.233057,0.022922
69.057437,0.120324,0.181084,-0.047397
69.087292,0.086025,0.234048,0.000829
69.127099,0.025628,0.269678,0.013694
69.156954,0.095324,0.260356,-0.056415
69.186809,0.045618,0.249870,-0.038175
69.226616,-0.029186,0.328760,-0.061431
69.256471,0.040737,0.322910,-0.115200
69.286327,0.026930,0.295839,-0.024930
69.326134,-0.016300,0.369536,0.029963
69.355989,0.066581,0.381519,-0.043464
69.385844,0.052750,0.324725,-0.004622
69.425651,-0.027998,0.360196,0.098675
69.455507,0.056737,0.397575,-0.004849
69.485362,0.086766,0.369059,-0.051057
69.525169,-0.018357,0.442242,0.070774
69.555024,0.006653,0.463599,-0.031344
69.594831,0.098362,0.420580,-0.034989
69.624687,0.005887,0.451533,0.066671
69.654542,0.008160,0.486074,0.005053
69.694349,0.064699,0.534762,-0.074081
69.724204,-0.033137,0.661973,0.116597
69.754059,0.193834,0.482920,0.045936
69.793866,-0.015231,0.110819,-0.236878
69.823721,-0.376480,-0.067045,-0.125265
69.853576,0.081530,0.346769,0.190288
69.893383,0.089820,0.919338,-0.208464
69.923238,-0.103387,0.646911,-0.034129
69.953094,0.057840,0.595373,0.112267
69.992900,0.046067,0.617510,-0.008008
70.022756,-0.043166,0.403156,-0.078638
70.052611,0.066460,0.526982,0.093422
70.092418,0.260724,0.566148,-0.144809
70.122273,0.109518,0.315427,-0.276690
70.162080,0.144831,0.525590,0.170869
70.191935,0.187852,0.886611,0.190323
70.221790,0.138876,0.836682,0.007960
70.261597,0.014104,0.417252,-0.063304
70.291452,0.016333,0.376528,0.068241
70.321307,-0.005896,0.431882,-0.042145
70.361114,0.034467,0.428254,0.015553
70.390969,0.000346,0.635296,0.154328
70.420825,-0.049662,0.796381,-0.038123
70.460631,-0.010117,0.457550,-0.141140
70.490486,0.085206,0.433330,0.073814
70.520341,-0.012506,0.517540,0.116395
70.560148,0.060457,0.570041,0.009062
70.590003,0.181119,0.609435,-0.105433
70.619858,0.121779,0.592213,0.024964
70.659665,0.029567,0.431671,0.088248
70.689520,0.116337,0.508986,-0.032093
70.719375,0.017491,0.576694,-0.052344
70.759182,-0.068413,0.571840,0.081790
70.789037,0.080194,0.523365,-0.009888
70.818893,0.029026,0.495497,0.001110
70.858699,-0.053850,0.394703,0.143300
70.888555,0.069134,0.460789,0.048847
70.928362,0.074183,0.482988,-0.014963
70.958217,-0.049911,0.443789,0.052572
70.988072,0.019621,0.474278,-0.051693
71.027879,0.091661,0.431147,-0.116853
71.057734,0.050105,0.434799,0.038668
71.087589,0.053706,0.480348,0.066197
71.127396,0.117484,0.439724,-0.076874
71.157251,0.072431,0.356753,-0.018630
71.187106,0.002905,0.405182,0.030068
71.226913,0.036659,0.368298,-0.041595
71.256768,0.054184,0.353091,0.003640
71.286623,-0.010382,0.398742,0.062428
71.326430,0.000023,0.359676,-0.006739
71.356285,0.081201,0.325856,-0.022625
71.386141,0.018430,0.372689,0.040940
71.425947,0.052820,0.389110,0.000540
71.455802,0.126684,0.296374,-0.067257
71.485657,0.102417,0.274925,-0.008877
71.525464,0.056291,0.326013,-0.007753
71.555319,0.075380,0.269617,-0.067525
71.595126,0.032405,0.257292,-0.004904
71.624981,-0.061689,0.337884,0.048339
71.654836,-0.026829,0.223806,-0.028338
71.694643,-0.029836,0.171693,0.042706
71.724498,-0.116237,0.268224,0.057239
71.754353,-0.061749,0.195454,-0.012255
71.794160,0.011411,0.145693,0.026627
71.824015,-0.071962,0.215096,0.066885
71.853870,0.007508,0.211060,0.026285
71.893677,0.071078,0.105204,-0.031021
71.923532,-0.040401,0.175681,0.047808
71.953387,-0.059614,0.218283,0.024694
71.993194,0.030898,0.057094,-0.040991
72.023049,-0.005221,0.094541,0.026713
72.052904,-0.014349,0.135066,0.014059
72.092711,0.044269,0.080610,-0.018680
72.122566,0.023270,0.085288,0.016794
72.152422,0.006256,0.081974,0.035987
72.192228,0.051983,0.042346,-0.027172
72.222084,0.018921,0.007460,-0.006880
72.261890,0.014152,0.023839,0.023160
72.291745,0.020618,0.027139,0.016295
72.321601,0.048416,-0.020855,0.015127
72.361407,0.023809,-0.023383,0.014877
72.391263,0.024603,-0.061990,-0.014905
72.421118,0.030753,-0.039724,-0.005249
72.460927,-0.019427,-0.046498,0.007386
72.490782,0.046639,-0.109685,-0.009457
72.520637,0.033080,-0.110308,0.007677
72.560444,-0.034717,-0.067237,0.023137
72.590299,0.044587,-0.150875,0.002561
72.620154,0.039450,-0.137135,0.028696
72.659961,-0.039228,-0.137562,0.020804
72.689816,-0.008544,-0.194831,-0.048857
72.719671,-0.001614,-0.200528,-0.013343
72.759478,-0.073438,-0.140375,0.024862
72.789333,0.030622,-0.191483,-0.027159
72.819188,0.021070,-0.222350,0.010222
72.858995,-0.079856,-0.179071,0.051430
72.888850,0.013289,-0.277306,-0.032287
72.928657,-0.009578,-0.269569,0.037135
72.958512,-0.082115,-0.206886,0.054495
72.988367,0.004840,-0.277939,-0.024810
73.028174,0.007768,-0.307116,-0.003931
73.058029,-0.090559,-0.237063,0.077790
73.087884,0.006648,-0.274397,-0.040878
73.127691,0.022820,-0.335582,-0.007386
73.157546,-0.048044,-0.307792,0.046287
73.187401,0.000194,-0.342755,-0.000564
73.227208,0.037580,-0.359740,-0.044459
73.257063,-0.017014,-0.348747,0.019501
73.286918,0.014644,-0.267120,0.042431
73.326725,0.188978,-0.099985,0.020180
73.356580,0.105611,-0.130062,0.068636
73.386435,0.052462,-0.465086,0.085275
73.426242,0.056979,-0.592371,-0.183100
73.456096,-0.127357,-0.344749,-0.054578
73.485951,-0.147584,-0.501772,0.062079
73.525758,0.070699,-0.338816,-0.022650
73.555613,0.016136,-0.293319,-0.008133
73.585468,-0.225542,-0.392952,0.126350
73.625275,-0.099689,-0.375778,-0.010402
73.655130,0.150477,-0.276535,-0.284923
73.694937,-0.076983,-0.449453,0.122610
73.724792,-0.353270,-0.638850,0.226400
73.754647,-0.043549,-0.472411,-0.052977
73.794454,0.152494,-0.260371,-0.217569
73.824309,-0.103014,-0.355659,0.190657
73.854164,-0.062950,-0.445262,0.211296
73.893971,0.167380,-0.419681,-0.178010
73.923826,-0.003058,-0.437311,-0.025175
73.953681,-0.068510,-0.425979,0.069851
73.993488,0.082969,-0.324489,-0.138554
74.023343,-0.014356,-0.426155,0.032203
74.053198,-0.112617,-0.484397,0.152892
74.093005,0.015334,-0.343745,-0.075855
74.122860,0.024159,-0.392208,-0.114536
74.152715,-0.057972,-0.435207,0.082649
74.192522,-0.027439,-0.360129,0.059754
74.222377,0.106678,-0.395449,-0.126536
74.252232,0.058401,-0.424700,-0.063402
74.292039,-0.077675,-0.344195,0.137390
74.321894,0.038634,-0.318532,-0.048287
74.361701,0.027549,-0.361325,-0.150750
74.391556,-0.108225,-0.371491,0.019002
74.421411,-0.014135,-0.385143,-0.012571
74.461218,0.033204,-0.404526,-0.127664
74.491073,-0.035572,-0.400092,0.035608
74.520928,-0.034619,-0.284521,0.082777
74.560735,0.054634,-0.367101,-0.023243
74.590590,-0.027240,-0.412716,0.067488
74.620445,-0.045854,-0.277497,0.018436
74.660252,0.036832,-0.355086,-0.140900
74.690107,-0.063500,-0.386245,0.011120
74.719962,-0.059765,-0.270419,0.069509
74.759769,0.039891,-0.239523,-0.115546
74.789624,-0.019606,-0.347222,-0.000585
74.819479,-0.051237,-0.308906,0.119199
74.859286,0.003470,-0.231989,-0.089083
74.889141,-0.021255,-0.271685,-0.082928
74.918996,-0.045284,-0.238274,0.025401
74.958803,0.003867,-0.212274,-0.044036
74.988658,0.002379,-0.207102,-0.068628
75.028464,-0.031852,-0.219247,0.017903
75.058319,0.021723,-0.187111,0.026077
75.088175,0.005977,-0.175151,0.004226
75.127981,-0.058276,-0.236244,-0.019465
75.157836,-0.029979,-0.217645,0.003960
75.187691,-0.030365,-0.153793,0.016624
75.227498,-0.016042,-0.153166,-0.040091
75.257353,-0.018560,-0.152511,-0.011310
75.287208,-0.050548,-0.150020,0.035258
75.327015,0.022681,-0.153449,-0.037062
75.356870,0.064954,-0.076094,-0.089660
75.386725,0.009027,-0.056935,0.030884
75.426532,-0.007339,-0.126523,0.057777
75.456387,0.068351,-0.102944,-0.071967
75.486242,0.017077,-0.032544,-0.054546
75.526049,-0.091400,-0.115959,0.057232
75.555904,0.012211,-0.080128,0.008102
75.585759,0.047779,-0.026830,-0.041798
75.625566,-0.029028,-0.050544,0.012464
75.655421,0.022103,-0.048774,0.021385
75.695228,0.014496,0.000052,-0.014753
75.725083,0.007152,-0.007335,-0.048183
75.754938,0.034747,-0.003303,-0.028064
75.794745,-0.001489,-0.003748,0.002948
75.824600,-0.013120,0.022304,-0.027575
75.854455,0.015869,0.026546,-0.046962
75.894261,-0.027032,0.009402,-0.006249
75.924123,-0.019850,0.033300,0.018502
75.953978,0.052372,0.061047,0.002286
75.993784,0.000193,0.088215,0.011736
76.023639,-0.028601,0.072005,0.039075
76.053494,0.021828,0.058390,0.005112
76.093301,0.021221,0.091869,-0.023058
76.123156,-0.036081,0.106076,0.025527
76.162963,0.010132,0.131947,0.036105
76.192818,0.069140,0.098871,0.007743
76.222673,0.002869,0.125199,0.012135
76.262480,-0.003913,0.144740,0.038159
76.292335,0.058732,0.139996,0.007443
76.322190,0.073235,0.168019,-0.062508
76.361997,-0.053163,0.161972,0.008082
76.391852,0.001271,0.129251,0.056501
76.421707,0.092377,0.167597,-0.028097
76.461515,-0.036511,0.153233,-0.043633
76.491370,-0.014476,0.133124,0.090549
76.521225,0.059522,0.212901,0.066245
76.561032,0.022091,0.217114,-0.066021
76.590887,-0.049908,0.141500,0.013118
76.620724,0.037797,0.160026,0.065735
76.650579,0.079390,0.253375,-0.037059
76.690385,-0.031444,0.195289,0.011274
76.720241,0.004964,0.165266,0.106240
76.750096,0.102099,0.254559,0.012268
76.789902,0.036942,0.253223,-0.074233
76.819757,-0.028643,0.192996,0.097383
76.859564,0.046451,0.225439,0.005972
76.889419,0.069116,0.232900,-0.103489
76.919274,-0.012610,0.202511,0.027184
76.959081,0.006561,0.277620,0.079109
76.988936,0.096575,0.277922,-0.076089
77.018791,0.051181,0.198979,-0.061426
77.058598,-0.031551,0.221666,0.109276
77.088453,0.000233,0.265466,-0.008653
77.118308,0.076065,0.203685,-0.099757
77.158115,0.012770,0.199984,0.037175
77.187970,-0.039919,0.281888,0.084282
77.217825,0.058048,0.258982,-0.013044
77.257632,0.054021,0.262770,-0.051119
77.287487,0.009549,0.256706,0.011409
77.317342,-0.002377,0.200759,0.055855
77.357149,0.078600,0.209922,-0.011283
77.387004,0.018568,0.297188,-0.041306
77.416859,-0.009310,0.247439,0.028170
77.456665,0.076092,0.215251,0.014272
77.486520,0.025035,0.293447,0.017845
77.516375,0.003423,0.226511,0.048956
77.556182,0.076600,0.212199,0.076978
77.586037,0.015198,0.258887,0.045298
77.625844,-0.045983,0.245891,0.008506
77.655699,0.058920,0.191986,-0.001008
77.685554,0.022457,0.201241,-0.000493
77.725361,-0.064875,0.268281,-0.073673
77.755216,0.029310,0.203799,-0.073987
77.785071,0.108445,0.201023,-0.042781
77.824878,0.043555,0.245137,0.055946
77.854733,0.051736,0.189582,0.034587
77.884588,0.064490,0.220919,-0.031658
77.924394,0.035532,0.269662,0.007807
77.954249,0.041148,0.140982,0.010822
77.984105,-0.004338,0.158892,0.046023
78.023911,0.003864,0.230894,0.035325
78.053766,0.064612,0.214970,0.055232
78.083621,0.099811,0.120500,0.062985
78.123428,0.033358,0.176221,0.044024
78.153283,-0.004948,0.220279,0.013990
78.183138,0.082584,0.146709,-0.031512
78.222945,0.078635,0.177963,-0.058177
78.252800,0.011274,0.170304,0.060329
78.292607,0.008851,0.109731,-0.065175
78.322462,0.047151,0.151564,-0.078751
78.352317,-0.027447,0.189640,0.060534
78.392124,0.114568,0.134368,0.020679
78.421979,0.163551,0.170228,-0.031449
78.451834,-0.010597,0.178361,0.035052
78.491641,0.007040,0.040627,0.002158
78.521496,0.112249,0.067151,-0.070825
78.551351,-0.003323,0.142132,0.004961
78.591158,-0.103801,0.105744,0.060718
78.621013,0.126858,0.044129,-0.074249
78.650868,0.055556,0.133260,-0.044552
78.690674,-0.111520,0.113326,0.072319
78.720530,0.093057,0.027518,-0.000708
78.750385,0.154424,0.083930,-0.044001
78.790191,-0.069497,0.129117,-0.021362
78.820046,-0.022261,0.045994,-0.006475
78.849901,0.132963,0.032649,-0.063330
78.889708,-0.024446,0.062081,0.029847
78.919563,-0.083989,0.050447,0.036296
78.959370,0.057171,-0.000728,-0.119410
78.989225,-0.007569,0.036395,-0.105579
79.019080,-0.104782,-0.023497,0.038944
79.058887,0.050878,0.022173,-0.027521
79.088742,0.059426,0.045333,-0.087146
79.118597,-0.035309,0.032683,-0.004696
79.158404,-0.007193,0.000405,0.045354
79.188259,0.057041,0.020088,-0.026939
79.218114,0.033642,-0.004039,-0.010375
79.257920,-0.008834,-0.056386,0.054630
79.287776,-0.019661,-0.000955,-0.018101
79.317631,0.018924,0.000497,-0.077566
79.357437,0.013740,-0.051076,0.016774
79.387292,0.005342,-0.059195,0.046702
79.417147,-0.004998,-0.023654,0.015451
79.456954,0.025774,-0.080838,-0.030399
79.486809,0.005028,-0.046857,0.037437
79.516664,-0.009776,-0.059915,0.070365
79.556471,0.005376,-0.071530,0.033466
79.586326,-0.004596,-0.054281,-0.014136
79.626133,-0.023540,-0.073915,-0.014428
79.655988,-0.041207,-0.079874,0.005033
79.685843,0.033220,-0.105647,0.019256
79.725649,-0.018389,-0.084404,0.046831
79.755505,-0.018532,-0.072492,0.013619
79.785360,0.036059,-0.087458,-0.019651
79.825166,-0.001178,-0.061141,0.004435
79.855021,-0.005836,-0.080760,0.009814
79.884876,0.016680,-0.087708,0.011553
79.924701,0.028795,-0.088780,0.027203
79.954556,0.024337,-0.093308,-0.049942
79.994363,-0.021565,-0.147118,0.025740
80.024218,-0.003534,-0.152730,-0.008653
80.054073,0.006399,-0.106985,-0.014953
80.093880,-0.002461,-0.099677,-0.013631
80.123735,0.012455,-0.155571,-0.010033
80.153590,0.018538,-0.181295,-0.004208
80.193397,-0.015033,-0.054101,0.000537
80.223252,0.000489,-0.095007,0.005293
80.263058,0.051580,-0.183412,-0.004431
80.292913,-0.047262,-0.109628,-0.031217
80.322768,-0.055233,-0.128452,-0.027818
80.362575,0.074714,-0.161386,0.025964
80.392430,0.007536,-0.063630,0.010284
80.422285,-0.051418,-0.094914,-0.026792
80.462092,0.032085,-0.192602,0.006302
80.491947,0.027123,-0.108900,0.016781
80.521802,-0.045200,-0.061227,-0.022775
80.561609,0.020873,-0.153978,-0.013542
80.591464,-0.001066,-0.109986,0.012138
80.621301,-0.046066,-0.089696,0.001417
80.651156,0.008015,-0.146417,-0.012973
80.690962,-0.009183,-0.140195,0.016615
80.720817,-0.050315,-0.098144,0.020907
80.750672,0.008580,-0.172365,-0.008035
80.790479,0.122041,-0.251410,0.056865
80.820334,-0.058375,-0.201200,0.123736
80.850189,0.057296,-0.137475,0.084454
80.889996,0.000644,-0.125437,0.042405
80.919851,-0.092388,-0.223053,0.063964
80.949706,-0.121059,-0.114407,0.064641
80.989513,-0.023500,-0.107779,-0.035648
81.019368,0.031838,-0.095347,-0.024845
81.059175,-0.052144,-0.017244,0.016792
81.089030,0.012940,-0.022902,-0.071533
81.118885,0.094900,-0.033420,-0.108577
81.158691,0.078037,0.030883,-0.057961
81.188546,0.024947,0.040215,-0.046008
81.218402,0.102258,-0.061451,-0.013678
81.258208,0.101103,-0.068067,0.001106
81.288063,-0.031608,-0.079816,0.026020
81.317918,-0.012660,-0.118653,-0.061136
81.357725,-0.028231,-0.034329,-0.062756
81.387580,-0.055925,-0.022996,0.018092
81.417435,-0.008899,-0.089271,0.037193
81.457243,-0.000505,-0.041950,0.022543
81.487098,-0.064826,0.000449,0.007999
81.516953,0.001505,-0.075068,-0.034347
81.556760,0.032017,-0.018027,0.011446
81.586615,-0.075817,0.024789,0.033897
81.616470,-0.005550,-0.061180,-0.013818
81.656277,0.029704,-0.024460,-0.010015
81.686132,-0.029306,0.003634,0.023755
81.725938,0.000294,-0.037503,-0.018072
81.755793,0.062595,-0.028287,-0.041517
81.785648,-0.014630,0.002991,-0.007977
81.825455,-0.077643,-0.058963,-0.075163
81.855310,0.015002,0.031525,-0.089934
81.885165,-0.023181,0.088763,-0.010765
81.924972,-0.058120,0.054573,0.038504
81.954827,0.046848,-0.020307,-0.013768
81.984682,0.033141,0.014851,0.002029
82.024489,-0.003350,0.069738,0.040419
82.054344,0.024605,0.005462,0.014098
82.084199,0.044764,0.019116,-0.036016
82.124006,-0.022642,0.079278,0.003090
82.153861,0.024675,0.031055,0.021333
82.183716,0.061008,0.022489,0.022354
82.223522,-0.008640,0.066143,0.035024
82.253377,0.027369,0.013517,0.039268
82.283232,0.051239,0.038269,-0.010016
82.323039,-0.019149,0.059567,0.003710
82.352894,-0.029987,0.048701,0.020023
82.392701,0.021784,0.045365,-0.010782
82.422556,-0.024212,0.069323,-0.001375
82.452411,-0.025907,0.046479,0.026419
82.492218,0.027720,0.023320,-0.017463
82.522073,0.019357,0.067507,-0.006205
82.551928,-0.023351,0.097624,0.020975
82.591734,0.050793,0.039720,-0.007862
82.621589,0.036878,0.086303,-0.003718
82.651444,-0.022792,0.116295,0.018554
82.691251,0.052336,0.032937,-0.021369
82.721106,0.061293,0.036625,-0.004921
82.750961,-0.048941,0.091847,0.031756
82.790768,0.039409,0.016328,-0.026436
82.820623,0.098100,0.076844,-0.028353
82.850478,-0.004390,0.139337,0.013434
82.890285,0.037135,0.051803,-0.006093
82.920140,0.068243,0.046427,-0.062299
82.949995,0.026441,0.078721,-0.025636
82.989801,-0.005020,0.014026,0.042008
83.019656,0.016167,0.055335,-0.010293
83.059463,-0.020451,0.087933,-0.026277
83.089318,-0.042280,0.076463,0.020166
83.119173,-0.028373,0.125029,-0.011608
83.158980,0.011095,0.082979,-0.043380
83.188835,-0.053279,0.000964,0.007556
83.218690,-0.073857,0.019125,0.019659
83.258497,0.050470,0.089678,0.001472
83.288352,0.024757,0.134387,0.021831
83.318207,0.018372,0.099227,0.009266
83.358013,0.037734,-0.022303,-0.030570
83.387868,-0.008862,0.036141,-0.032698
83.417723,-0.018542,0.117852,-0.005670
83.457528,0.052219,0.060897,0.026555
83.487383,0.032970,0.064938,0.001267
83.517238,0.003789,0.077247,-0.008929
83.557045,-0.011966,0.063983,0.044167
83.586900,0.050564,0.035150,0.012708
83.616755,0.060736,0.032288,-0.041753
83.656561,-0.061218,0.039364,0.038757
83.686416,0.000083,0.038053,0.063741
83.726223,0.097430,0.059408,-0.014216
83.756078,-0.005234,0.082061,-0.024221
83.785933,-0.072590,0.038678,0.035591
83.825740,0.050532,-0.037570,0.015381
83.855595,0.056064,0.076681,-0.044735
83.885450,-0.029393,0.095617,-0.016851
83.925275,-0.012030,-0.042813,0.063532
83.955130,0.029742,0.024605,0.011632
83.994936,-0.026717,0.056042,-0.018148
84.024791,-0.026856,-0.025461,0.032792
84.054646,0.013563,0.015807,0.068400
84.094453,-0.032347,0.038562,0.027783
84.124308,-0.007019,-0.016214,-0.005188
84.154163,0.014377,-0.005334,0.008678
84.193970,-0.009077,0.003175,0.043418
84.223825,0.000896,0.007190,0.000422
84.253680,0.001930,0.030416,-0.032833
84.293486,-0.014212,-0.007653,0.044586
84.323341,0.021290,-0.011608,0.005094
84.363148,0.007122,0.004823,-0.043931
84.393003,-0.011069,0.016818,0.011361
84.422858,0.014101,0.003841,0.008663
84.462665,0.031421,-0.003573,-0.027413
84.492520,-0.027805,-0.006734,0.016834
84.522375,-0.015535,-0.039117,0.038397
84.562181,0.038146,-0.040740,-0.024535
84.592036,-0.022003,0.015862,0.013171
84.621879,-0.042854,0.012753,0.046654
84.651734,0.038851,-0.032406,-0.003482
84.691541,0.003963,0.008253,-0.019627
84.721396,-0.041446,-0.033814,0.032979
84.751251,0.004677,-0.043212,0.020573
84.791058,0.048389,-0.024101,-0.024266
84.820913,-0.017912,-0.029712,0.017351
84.860720,0.009763,-0.033654,0.004613
84.890575,0.054690,-0.033265,-0.043698
84.920430,-0.017560,-0.005206,-0.000330
84.960236,0.004067,-0.059841,0.018096
84.990091,0.049093,-0.048384,-0.015651
85.019946,-0.005927,-0.013238,-0.005041
85.059753,-0.008055,-0.076700,0.010228
85.089608,0.026908,-0.051761,0.004146
85.119463,-0.026669,-0.013781,0.000062
85.159270,-0.000364,-0.031503,-0.001284
85.189125,0.039093,-0.073832,0.010981
85.218980,0.000466,-0.052861,0.033585
85.258787,-0.020747,-0.029764,0.006993
85.288642,0.028066,-0.067487,-0.034842
85.318497,0.014618,-0.069018,-0.000248
85.358304,-0.043175,-0.006668,0.027324
85.388159,0.044970,-0.030737,-0.033835
85.418014,0.048286,-0.052395,-0.042141
85.457822,-0.058688,-0.045182,-0.009218
85.487677,0.020687,-0.058452,-0.022192
85.517533,0.067878,0.016823,0.001437
85.557339,-0.000564,-0.018985,0.053168
85.587194,0.016515,-0.114876,0.021806
85.627001,-0.002724,-0.075928,-0.018770
85.656856,-0.009499,-0.036746,0.016319
85.686711,0.001001,-0.017253,0.017890
85.726518,0.007543,-0.034152,-0.031940
85.756373,-0.015109,-0.052209,0.006557
85.786228,-0.230582,0.567764,0.039938
85.826035,0.373202,-0.732567,0.005400
